XGBClassifier의 P(y=1),LGBMClassifier의 P(y=1),CatBoostClassifier의 P(y=1),평균 P(y=1)의 확률,prediction_0.22,actual,confusion
0.55638164,0.5882780614523883,0.5863778011768548,0.577012501815898,1,0,FP
0.0048318976,1.4981358938717172e-06,0.12446111636723374,0.043098170687878225,0,0,TN
0.0033828185,4.153742453226981e-07,0.693941350128175,0.2324415280143262,1,0,FP
0.15512174,0.04702251347083467,0.6016361966872696,0.267926817945717,1,0,FP
0.00076029554,3.442094221701113e-08,0.033878554199665255,0.011546294721786152,0,0,TN
0.06823495,0.016112558892886677,0.557738769962035,0.214028759719651,0,0,TN
0.0014943263,2.4502890834557397e-06,0.17394763585317521,0.05848147080725244,0,0,TN
0.0021105774,1.4565313445894503e-07,0.5222412740129304,0.17478399902910924,0,0,TN
0.8670504,0.20014933274946306,0.8582925965966146,0.6418307795543647,1,0,FP
0.053867467,0.9374023347238752,0.4625987445552781,0.48462284867563804,1,1,TP
0.055948723,0.018042922049223944,0.2269336728739176,0.10030843934357264,0,0,TN
0.058509544,0.002993392599235538,0.36120625345040125,0.14090306319591012,0,0,TN
0.022813322,1.0865632770890689e-06,0.40048541436596097,0.14109994098393178,0,1,FN
0.0063554505,0.00030012848978447647,0.19225853357751888,0.0663047041853101,0,1,FN
0.3439022,0.9427591308038513,0.5133409397746725,0.600000757012986,1,0,FP
0.028928772,9.15086787157595e-05,0.2909653282414855,0.10666186951174322,0,0,TN
0.9958016,0.9999091894653767,0.881627367581321,0.9591127282275512,1,1,TP
0.007709548,0.0003601773628074933,0.3226529862403558,0.110240903826825,0,1,FN
0.09603683,0.003975278770213794,0.4530757458327207,0.18436261788576336,0,1,FN
0.93272287,0.9983472426593007,0.7094384167182011,0.8801695086375628,1,0,FP
0.002085339,2.148750580593958e-06,0.2194709871738557,0.0738528249898628,0,1,FN
0.16005947,0.014433434657052163,0.4294783619872474,0.2013237545341152,0,1,FN
0.041543514,0.0001862246168113545,0.07646125952892709,0.03939699922739723,0,0,TN
0.012474107,0.00024243067510081333,0.26501023509168276,0.09257559079716869,0,1,FN
0.27088356,0.9302190177404913,0.36018201226347063,0.5204281967282087,1,0,FP
0.691402,0.7821484780604474,0.8551466505678813,0.77623238223285,1,0,FP
0.89319927,0.9731576071956992,0.4091107489393024,0.7584892070460686,1,0,FP
0.10146381,0.008542128632836234,0.6819478552618896,0.263984597834713,1,0,FP
0.012658988,0.00011551903653624676,0.3938785811701623,0.13555102944410694,0,0,TN
0.9013126,0.9823748975272478,0.6461217005216975,0.8432697292314436,1,1,TP
0.33167714,0.07779777472398555,0.22427705350070307,0.21125065567669266,0,0,TN
0.0010437315,0.00041102746797761305,0.32632914421306114,0.10926130104806016,0,0,TN
0.18357752,0.00012349928406278702,0.4273810201813998,0.20369401403364082,0,0,TN
0.20995368,0.0012624795288985996,0.4239695646227828,0.21172857492872665,0,0,TN
0.039616518,0.00010438058547387399,0.5205996036858953,0.18677350066465861,0,0,TN
0.00068193104,1.2086844357365379e-06,0.3133653659809968,0.10468283523398568,0,0,TN
0.0013016535,3.0999958256592126e-07,0.0834940669374954,0.028265343462477634,0,0,TN
0.023825023,0.0004839558621014504,0.2724177923529132,0.09890892384610404,0,0,TN
0.030515462,2.480179491788962e-05,0.2671509411846316,0.09923040171321999,0,0,TN
0.015594,0.00491517866163924,0.33421126356294667,0.11824014740712242,0,0,TN
0.0051940843,2.285419635735524e-05,0.25218153340053373,0.0857994906166844,0,0,TN
0.020339346,0.001082331830947804,0.47456022133615194,0.16532729957552586,0,0,TN
0.0008733585,9.862081503102875e-07,0.3432941753360422,0.11472284001898514,0,0,TN
0.8949861,0.9970875910566065,0.8121626137146205,0.9014120992718361,1,0,FP
0.009024462,8.003863840281034e-07,0.16736514929230664,0.05879680380333511,0,0,TN
0.6336198,0.38787295228813395,0.7024716104471366,0.5746547826813694,1,1,TP
0.6991702,0.3072351342794908,0.7068948564764606,0.5711000543234864,1,1,TP
0.0003231982,7.1834743963993485e-09,0.19394998585517914,0.06475773041683285,0,0,TN
0.16091561,0.008920792347232078,0.4265234981301919,0.19878663455062084,0,0,TN
0.1412627,0.001651073211296013,0.2441334124512148,0.12901572695193383,0,0,TN
0.990965,0.9997656400976779,0.5459839885742064,0.8455715458025136,1,1,TP
0.01692866,0.004687707123393935,0.332164671903398,0.11792701292626774,0,0,TN
0.9889271,0.9999846600661656,0.6355229896424442,0.8748115918797987,1,1,TP
0.03558211,0.002438919640662734,0.381286896009717,0.13976930864537956,0,0,TN
0.017402103,0.0015294772083861248,0.5254528756854806,0.18146148535487308,0,1,FN
0.3959524,0.001613377029214084,0.7726266855348524,0.39006415536981537,1,0,FP
0.30683824,0.3098776933611146,0.4573695289556083,0.3580284888388252,1,1,TP
0.9907438,0.9858828856912965,0.32684134115539315,0.767822680915195,1,1,TP
0.00040669675,4.27325428458186e-06,0.28223955491801794,0.09421684164149398,0,0,TN
0.010719709,0.0014456699973562084,0.5484695907481788,0.18687832328129136,0,0,TN
0.663663,0.7384536035678441,0.31685775663619636,0.5729914632915852,1,0,FP
0.045837693,0.0350605781925039,0.1960215290049791,0.09230660003795876,0,0,TN
0.79310066,0.21736098433974668,0.38616420440928656,0.46554194794264037,1,0,FP
0.015319289,0.0020178213001713447,0.2455127088901725,0.08761660629953781,0,0,TN
0.06303947,0.0007666826517704126,0.5396208446545335,0.20114233134833492,0,0,TN
0.07242445,0.5756266027074755,0.41451726748598616,0.3541894397400154,1,0,FP
0.21578057,0.5434711226700228,0.8140599307419584,0.5244372081716925,1,0,FP
0.022644293,7.386627623985995e-05,0.46641266831810624,0.16304360905251536,0,0,TN
0.009291247,9.589913204868209e-05,0.09674375227890876,0.03537696629189129,0,0,TN
0.45805347,0.2737893323211472,0.2985789537394842,0.3434739185728431,1,1,TP
0.00736072,6.994407143489736e-06,0.3341968368253977,0.11385485043606935,0,0,TN
0.027950358,0.0005492375767335392,0.4598429455433549,0.16278084692194617,0,0,TN
0.5872824,0.9931678799277763,0.3807626548984482,0.6537376513436455,1,0,FP
0.055046648,0.002785091752591883,0.3652064761144205,0.14101273855136884,0,0,TN
0.09769421,0.23964655150942285,0.4035173384521929,0.24695270022325233,1,1,TP
0.4004128,0.9184926479432834,0.6740398985285729,0.6643151147999043,1,0,FP
0.0016342198,7.91347125078926e-06,0.3847058676407214,0.1287826669632475,0,0,TN
0.0007816465,4.020093180638294e-09,0.35312040190069954,0.11796735081434014,0,0,TN
0.002594167,8.610069361165592e-05,0.23651876229554508,0.07973300996337311,0,0,TN
0.005528795,3.8925633387839394e-05,0.3676536928616298,0.12440713785407953,0,0,TN
0.08967349,0.025963580800409027,0.3546071511902549,0.15674807377428768,0,0,TN
0.026919778,0.0005411585101047883,0.12298956435283714,0.05015016709978809,0,0,TN
0.47912627,0.8362658369926833,0.6938803395878368,0.6697574837220813,1,1,TP
0.9174146,0.9214556531330014,0.8799327187891065,0.9062676591798771,1,0,FP
0.0042162226,4.4211600084556116e-05,0.20487891660981494,0.06971311692269001,0,0,TN
0.21289815,0.0015720627121110647,0.6754597785911707,0.2966433304632282,1,0,FP
0.9879909,0.9995738767090979,0.7802906603557775,0.9226184842800582,1,1,TP
0.012785704,2.868271732605098e-06,0.3945684009169181,0.13578565768792505,0,0,TN
0.34910762,0.003914839786747417,0.6842387632642781,0.34575374205043546,1,0,FP
0.23194091,0.2216227547789402,0.3617809657417296,0.271781543580272,1,0,FP
0.016305575,1.7124157497365302e-05,0.3540928239342347,0.12347184107966774,0,0,TN
0.35480383,0.21170536679697466,0.34234797564201336,0.3029523909413987,1,0,FP
0.9588823,0.9727592093694944,0.6406287521200326,0.8574234112443423,1,0,FP
0.011832741,0.000539831453383282,0.08374060664078946,0.032037726394445985,0,0,TN
0.0034954352,2.401335264947051e-07,0.3503232438845181,0.11793963974949284,0,0,TN
0.6998674,0.9975242525533573,0.47384438135246687,0.7237453537516382,1,0,FP
0.39034265,0.00780708019771191,0.18037374620106675,0.1928411597321592,0,0,TN
0.21805665,0.13877327286754054,0.17000068328880294,0.1756102017086646,0,0,TN
0.4929452,0.012431681345718522,0.4597515471482774,0.3217094742461269,1,1,TP
0.022781841,4.080517196712368e-05,0.20283915728290985,0.07522060130392236,0,0,TN
0.050627936,0.0003738235857807737,0.11079885467746406,0.05393353798033721,0,0,TN
0.16945179,0.0001853370641955409,0.1723190287133832,0.11398538461513215,0,0,TN
0.29240018,0.051613077340452666,0.654556475939251,0.33285657819106373,1,1,TP
0.0016959194,1.9075762119722053e-06,0.16941575105822707,0.057037859355705454,0,0,TN
0.08957565,0.09111905096759931,0.6252558471826583,0.26865018215268593,1,0,FP
0.13053891,0.07982303947553723,0.45629101839151814,0.22221765616480682,1,0,FP
0.001924472,8.342325254354685e-06,0.13574014373716517,0.04589098603616807,0,0,TN
0.0053301067,6.440844749325779e-05,0.22864006629912564,0.07801152715192379,0,0,TN
0.09640306,0.00907231238885671,0.6122079084813482,0.23922776107126745,1,0,FP
0.3810317,0.14623422032070083,0.29957476705305985,0.2756135598006021,1,1,TP
0.014084065,3.510578754167923e-06,0.09784499192403331,0.03731085594526542,0,1,FN
0.00072843523,2.21192166481907e-05,0.11992000113507381,0.04022351852800868,0,0,TN
0.060714867,0.07368544128683842,0.24694871748136887,0.12711634191140547,0,0,TN
0.98062265,0.9987995301797428,0.8871467970192638,0.9555229921306055,1,1,TP
0.0007672405,4.843137320034913e-09,0.18949061078691476,0.06341928536848321,0,0,TN
0.0013085447,9.302574336340401e-08,0.1348834196673345,0.04539735244946944,0,0,TN
0.5370044,0.019668795169185193,0.2715374455846701,0.2760702173248019,1,1,TP
0.6369663,0.8604455090484,0.5038322181658217,0.667081338434658,1,1,TP
0.49764627,0.030905115278656876,0.7604195395442375,0.429656975668453,1,0,FP
0.29459637,0.05362819215257067,0.3415297660252574,0.22991811073756988,1,0,FP
0.08437634,0.2093035310957112,0.19717091441722465,0.16361692936918648,0,0,TN
0.66075236,0.22131906735924747,0.4663205468570278,0.449463990089558,1,0,FP
0.8469022,0.9987526712248631,0.9143687715076273,0.9200078781238124,1,0,FP
0.9665894,0.9989377027600962,0.7845413325449198,0.9166894755121842,1,0,FP
0.13504077,0.015725636008340642,0.46381014494113637,0.20485885196364048,0,0,TN
0.000258761,4.0430258762060754e-09,0.16057804794993552,0.053612270995133,0,0,TN
0.09029368,0.005425917266035142,0.3320201961212655,0.14257993216632275,0,0,TN
0.031126667,0.0008259864930669755,0.7353895852352742,0.25578074618081,1,0,FP
0.657251,0.8055142645157284,0.8482634693792603,0.7703429114331156,1,0,FP
0.019578908,0.0004517121338396407,0.26458856086353294,0.0948730602120536,0,0,TN
0.0039155395,2.8914058687900065e-06,0.1441579059196666,0.0493587789341853,0,0,TN
0.0004996722,1.7403696860316698e-07,0.2998327652014185,0.10011087047886319,0,0,TN
0.20194317,0.13211946603173796,0.35538546196319226,0.2298160339998283,1,0,FP
0.012197637,2.0051338324695287e-05,0.2143848142898806,0.07553416754246504,0,0,TN
0.05638869,0.0021034371902162096,0.033408451329740976,0.030633526529217598,0,0,TN
0.0010678275,1.94639321930753e-08,0.24826046326991053,0.08310943672984739,0,0,TN
0.0010058072,5.368509619601321e-07,0.3906731795436729,0.13055984119587702,0,0,TN
0.04222314,0.043274872588708296,0.36619473784769047,0.15056425034458074,0,0,TN
0.0025958167,8.666981379140426e-06,0.3222551660634908,0.10828654992792448,0,0,TN
0.1983798,0.03476001516945174,0.2148170431847511,0.14931895269260934,0,0,TN
0.005151467,6.676231342660937e-05,0.12650534719738238,0.04390785881431891,0,0,TN
0.65702087,0.1136758707692785,0.8024262579674012,0.5243743318691866,1,0,FP
0.023002524,0.02442295695927413,0.13349404839029755,0.06030650975948412,0,0,TN
0.0005444532,2.8444880165145497e-08,0.018986543150674218,0.006510341603314242,0,0,TN
0.00016646521,1.2849756096586496e-11,0.04596241026009556,0.015376291827037508,0,0,TN
0.016068688,0.0012597277705177247,0.21917999818040337,0.07883613787113446,0,1,FN
0.41796786,0.679575088099002,0.6853893781704358,0.5943107740665887,1,0,FP
0.07328063,0.0042991354967343584,0.12316405535093441,0.06691460778118297,0,0,TN
0.022380576,2.4470295594330322e-05,0.48927106103182216,0.17055870228836603,0,0,TN
0.07495834,0.4309379125417744,0.4668374394535353,0.3242445637762813,1,0,FP
0.06733884,0.009357699644533443,0.5574831908223413,0.21139324321339725,0,0,TN
0.060043823,0.0011418141951430375,0.3408106458115511,0.1339987609935536,0,0,TN
0.25546944,0.10730643711541174,0.3105860984076153,0.22445399231230215,1,0,FP
0.022620922,0.0003105178435327929,0.28360230403563375,0.10217791461122638,0,0,TN
0.024908502,0.0001763732907171313,0.4206373384112285,0.14857407111893634,0,0,TN
0.03017554,0.0003587680434326333,0.1235294406329833,0.05135458309088755,0,0,TN
0.939156,0.9996092479726522,0.8319184830444604,0.9235612422876357,1,1,TP
0.019877667,2.9190100280266736e-05,0.5903109737819479,0.20340594349657573,0,0,TN
0.096414655,0.008587949786470648,0.5480340952829204,0.21767890017213243,0,0,TN
0.008699632,0.006412916753680947,0.44200889111381486,0.15237381337242278,0,0,TN
0.030725168,0.006228436431405536,0.6268747001232003,0.2212761015396142,1,0,FP
0.011402197,1.0549090976067146e-05,0.43158372920654814,0.14766549182656757,0,0,TN
0.0023467666,6.972266142412731e-06,0.07327035722789314,0.025208032046995663,0,0,TN
0.017804865,0.0007408450391313005,0.1372663332250496,0.051937347686065595,0,0,TN
0.0010559432,8.665074864411219e-06,0.14813582034656833,0.0497334762063345,0,0,TN
0.64890045,0.009346268405024224,0.5165417178035213,0.3915961451615053,1,0,FP
0.004596444,6.15442285087352e-05,0.17137409547417493,0.058677361183168485,0,0,TN
0.046461508,9.698543086035334e-05,0.2516855717816291,0.09941468829684046,0,0,TN
0.0021912656,0.0007727998234487901,0.4603872357869718,0.1544504337299112,0,0,TN
0.054794274,0.02893053091376934,0.3034283027601802,0.12905103598149467,0,0,TN
0.00043783057,9.264778603801414e-09,0.1672960271976077,0.05591128901239894,0,0,TN
0.0019200925,3.834210448027739e-07,0.15483744590891646,0.052252640610546276,0,0,TN
0.065193355,0.0008760654368159092,0.6474566721300102,0.2378420308834306,1,0,FP
0.0011154084,6.652651587309056e-08,0.07963899316524517,0.026918156022850543,0,0,TN
0.0032970058,0.00011151996224438334,0.1882820482035979,0.06389685798196117,0,0,TN
0.012690745,0.00020346795222369528,0.19584794260444427,0.06958071861692068,0,0,TN
0.007997405,7.539027172428999e-06,0.2468667238017851,0.08495722253764056,0,0,TN
0.0039986144,7.685059372292685e-05,0.040602859368979206,0.01489277478156697,0,0,TN
0.001077365,7.195926995524362e-07,0.38193270644632576,0.12767026368426534,0,0,TN
0.024106992,6.306028880360977e-05,0.04696938605547582,0.023713146250970887,0,0,TN
0.0017258542,3.57164968257815e-05,0.11292975176479918,0.03823044083244207,0,0,TN
0.020661796,0.0002599083473926167,0.39844683136297554,0.13978951174073664,0,1,FN
0.009151557,0.00016540924083000922,0.21193625590376242,0.07375107420167323,0,0,TN
0.91915494,0.9973002066710248,0.6209634875080076,0.8458062120715691,1,0,FP
0.0034262987,7.716314726562701e-07,0.14058313739388884,0.0480034025857665,0,0,TN
0.862598,0.07014105118615634,0.8538069892769409,0.5955153474733456,1,0,FP
0.0020618918,1.691967317738514e-06,0.4682473029699785,0.1567702955908264,0,1,FN
0.99153215,0.9910566458147931,0.447358728913454,0.8099825072196473,1,0,FP
0.09193282,0.0009302209956312785,0.4310316082612222,0.17463154918347498,0,1,FN
0.0008577936,4.143325944083849e-08,0.304569073712611,0.10180896958516071,0,0,TN
0.04230409,0.04962100298353067,0.5870029431967927,0.22630934577861747,1,0,FP
0.79258144,0.9691098139645413,0.6225808061806598,0.7947573530544836,1,0,FP
0.7994247,0.976814389975438,0.8727318573303817,0.8829903183984588,1,0,FP
0.01783896,2.203402900082601e-05,0.41383085455767776,0.1438972830333837,0,0,TN
7.4048345e-05,4.17168298458456e-07,0.0434301653178451,0.014501543610276573,0,0,TN
0.11472531,0.0005209745099393302,0.2414109043771395,0.11888572850573781,0,0,TN
0.00062718627,1.2085069758727995e-08,0.11359408978138232,0.03807376271074205,0,0,TN
0.008521646,0.0005973401012981133,0.49318285997679584,0.16743394877976972,0,0,TN
0.024137817,0.003905782820880554,0.4306316766034143,0.15289175891583423,0,0,TN
0.0020340686,4.658770760407853e-05,0.14931557300490403,0.05046540976192479,0,0,TN
0.13432573,0.034937298571195055,0.4797053877396881,0.21632280471042653,0,0,TN
0.0029856395,2.747586258668985e-06,0.12783189644834117,0.04360676117741253,0,0,TN
0.07392356,0.03828910368799116,0.24876981174962987,0.1203274911447903,0,0,TN
0.15411304,0.0011242377427600665,0.21393317029908782,0.1230568158053998,0,0,TN
0.03754881,0.000804569671152862,0.05694717346770173,0.031766851127487054,0,0,TN
0.00033013354,2.443307685392122e-09,0.038046714700050326,0.012792283560528514,0,0,TN
0.0020430915,2.968019946111668e-05,0.38850604752635753,0.13019293972833948,0,0,TN
0.00032911505,2.1836202444208833e-08,0.07247259974916698,0.024267245545016705,0,0,TN
0.55775213,0.9746591907652115,0.6501130888700186,0.7275081373503339,1,0,FP
0.032696888,0.006112329520455402,0.5445189587116903,0.19444272536096904,0,0,TN
0.02673744,8.470015519803824e-07,0.15874680167375282,0.061828363017592876,0,0,TN
0.88893956,0.7385302812938457,0.5586891709211207,0.7287196705582176,1,0,FP
0.024605917,0.0034283799079605375,0.4479299970019137,0.15865476457429672,0,0,TN
0.0012113716,1.2985438438824502e-05,0.30795454907286396,0.10305963537778369,0,0,TN
0.005830785,0.0012316866212877073,0.23202414173759942,0.0796955377176101,0,0,TN
0.03891455,4.329785946552803e-08,0.5201734541256134,0.18636268250642316,0,0,TN
0.015901286,4.15209123850455e-06,0.41383043035113787,0.14324528953245394,0,0,TN
0.22130616,0.0007162082653235741,0.1494042893433918,0.1238088859003564,0,0,TN
0.0008037122,1.520065927572633e-06,0.11995817114773143,0.04025446779567469,0,0,TN
0.0003902741,8.86401040508305e-07,0.06037497365102201,0.020255378050999823,0,0,TN
0.00047904302,7.866372366626529e-10,0.2701692945090168,0.09021611277349299,0,0,TN
0.05319749,5.3300318409706584e-08,0.15359265297659536,0.06893006482188578,0,0,TN
0.0632638,0.00010325551525708758,0.37139699740933935,0.14492135221502356,0,0,TN
0.012541147,8.95686149813802e-05,0.15064326669685607,0.05442466075359035,0,1,FN
0.017580664,0.0006178887341552648,0.3618180317013554,0.12667219474028302,0,0,TN
0.11961192,0.00358998286745915,0.3233046088668797,0.14883550355352596,0,0,TN
0.03888164,0.04618938719077257,0.6030606836137722,0.22937723722861492,1,0,FP
0.072731756,0.0002038785455129305,0.570031680025167,0.21432243808152177,0,0,TN
0.0003772603,6.987991588408744e-11,0.35131903724073404,0.1172320992015528,0,0,TN
0.07670386,0.0023739858235683237,0.3397493342193681,0.13960906046623933,0,0,TN
0.61227006,0.4918226439246869,0.6280655578969722,0.5773860863410148,1,0,FP
0.939156,0.9996092479726522,0.8319184830444604,0.9235612422876357,1,1,TP
0.7143863,0.49915506575674073,0.20614561965879638,0.4732289899222953,1,0,FP
0.07268932,0.00011693188889653802,0.6561673847117768,0.2429912112558262,1,0,FP
0.834624,0.7917738656992375,0.5355769279116096,0.7206582620179773,1,0,FP
0.1546004,0.03140494619282053,0.48101299490527655,0.22233944595015154,1,1,TP
0.031683225,0.0007643006583001576,0.27006353144945927,0.10083701909747948,0,0,TN
0.31444535,0.26326801741571,0.6181410472975846,0.3986181371023838,1,0,FP
0.9802413,0.9984369116786888,0.7748894618238723,0.9178558907260328,1,0,FP
0.0047813584,0.0006502450580974425,0.11936999670596683,0.041600533391245746,0,0,TN
0.0072113373,8.668406303479162e-06,0.17845671464463586,0.0618922401275406,0,1,FN
0.009193364,1.7068070495438568e-05,0.47699060215412514,0.16206701127469994,0,0,TN
0.016460594,3.1745651425577396e-05,0.15376354701037423,0.05675196215053857,0,0,TN
0.023550099,3.6755816850670117e-06,0.27830587287144715,0.10061988240501613,0,0,TN
0.46285373,0.0010331704708385992,0.6687727479850682,0.37755321606026365,1,0,FP
0.0010772316,1.897796269599511e-06,0.09664186480116413,0.032573664733081896,0,1,FN
0.04458419,0.0034863029688528024,0.48423347038929754,0.17743465398948854,0,1,FN
0.004566244,4.027202973828317e-05,0.5716643333103633,0.19209028306326545,0,0,TN
0.9051781,0.44827097962063944,0.43313794871701916,0.5955290193368876,1,0,FP
0.02813289,0.00016908199523051843,0.15202847215620355,0.06011014785707605,0,1,FN
0.10703969,0.00041004793734844623,0.37149777704161036,0.159649171665553,0,0,TN
0.012540657,0.010817786291266285,0.47541105568424,0.1662564996829219,0,0,TN
0.014566267,2.176559340749097e-07,0.05718266780702511,0.023916384124066953,0,0,TN
0.47220892,0.38099750929563697,0.6760706931290716,0.5097590398552231,1,0,FP
0.3027313,0.9142495465836062,0.23947403102053952,0.48548496098831323,1,1,TP
0.67989147,0.24942985691755687,0.5288588011759494,0.4860600417293092,1,0,FP
0.32680956,0.6677612382385145,0.6130353548044712,0.5358687161117052,1,0,FP
0.012528003,3.067809351455598e-05,0.5697237364037826,0.19409413923024507,0,0,TN
0.019200929,0.00024205073344204543,0.167669546865399,0.06237084203602548,0,0,TN
0.0063179294,1.7141651809797773e-08,0.0646448762417146,0.023654274249369084,0,0,TN
0.61551833,0.00012850885296304129,0.26201187106315466,0.29255290381460924,1,0,FP
0.012504423,0.009920433527159373,0.4497861955871446,0.1574036840504918,0,0,TN
0.011456601,0.0007818302534039787,0.18685473734023703,0.06636438963844608,0,1,FN
0.004063855,2.987352867344909e-09,0.03558969828446743,0.01321785206571825,0,0,TN
0.0027413734,3.910739809639448e-06,0.12259172172180419,0.04177900194617821,0,0,TN
0.01207466,0.00016124855747260336,0.3711546653540344,0.12779685783000308,0,0,TN
0.17887701,0.09885721980857154,0.3829669548331762,0.22023372852775105,1,0,FP
0.00074486644,1.7883894210756726e-05,0.42911647407678494,0.14329307480368944,0,0,TN
0.00022669166,1.4824172880851341e-07,0.03316321208387473,0.011130017327294616,0,0,TN
0.045486383,0.0014984661508710146,0.5785495138601372,0.20851145438369845,0,0,TN
0.19922535,0.04251790298852982,0.5332280783838749,0.2583237775289378,1,0,FP
0.12228022,0.04598833269754421,0.586745259416133,0.2516712699402781,1,0,FP
0.02648054,0.0014818255850177883,0.254090407106251,0.09401759110815681,0,0,TN
0.9146387,0.9954585957044406,0.5662209742232321,0.8254394226762388,1,0,FP
0.94836605,0.9973625588470958,0.6532388366231192,0.8663224804740194,1,0,FP
0.03737319,0.0014430480613328656,0.4238123971499823,0.15420954469812712,0,0,TN
0.0012346379,6.957462616158548e-08,0.32988175558762334,0.11037215436161896,0,1,FN
0.92858106,0.9370072373367415,0.8363676501980014,0.9006519821712592,1,1,TP
0.23669353,0.8722471342477323,0.7505894644296146,0.6198433766507141,1,0,FP
0.005751359,9.61947542169223e-06,0.04369320000986224,0.01648472609869872,0,0,TN
0.0088057015,0.00010763040638993926,0.03172065261432815,0.013544661509945391,0,0,TN
0.002059307,2.5602762864837283e-05,0.08094774361170624,0.027677551107982715,0,0,TN
0.0018292981,3.415347619313679e-07,0.29999923798256034,0.10060962587134374,0,0,TN
0.9915439,0.9999727151037104,0.6915211416706892,0.8943459152733717,1,0,FP
0.00045195944,2.090077233369295e-07,0.29727203722282014,0.09924140188910095,0,0,TN
0.020088077,0.0303577025907718,0.09102681142957676,0.04715753020394675,0,0,TN
0.36624682,0.12433400280527201,0.3436627374380649,0.27808118657983055,1,0,FP
0.85558414,0.9960928366281085,0.8796521892018035,0.9104430568073991,1,0,FP
0.0066377698,7.600989253387273e-05,0.12383613773970285,0.04351663912782916,0,0,TN
0.09267607,0.23321236322096234,0.4301416158095405,0.2520100174477541,1,0,FP
0.023919664,0.0009536731314578813,0.32764927063524996,0.11750753603001259,0,0,TN
0.008981455,0.0002528029786036949,0.3849026051001471,0.13137895439873828,0,0,TN
0.0034601432,0.002149487329329417,0.2511043325357296,0.08557132103072973,0,0,TN
0.18430504,0.013221292808984089,0.7539685677244684,0.31716496752062656,1,0,FP
0.023598906,0.0011553294737807643,0.22254851557141325,0.08243425023265183,0,0,TN
0.15038854,0.5492339789021361,0.5110315367395629,0.40355135149304394,1,1,TP
0.07981101,2.882790851035025e-05,0.5467793074898555,0.2088730473942683,0,0,TN
0.13451457,0.7141885557013651,0.30880316935622476,0.3858354317645986,1,0,FP
0.66709006,0.0006438495905149068,0.5101510801555095,0.39262832935758185,1,1,TP
0.011962501,1.1139060548658563e-05,0.23143724909355398,0.08113696316208882,0,1,FN
0.016514525,2.7438210525628746e-06,0.23266738796203298,0.08306155220018409,0,0,TN
0.02250481,1.1929544870991457e-06,0.6344684371429992,0.2189914801137771,0,0,TN
0.7033412,0.993480750523549,0.301867655939779,0.6662298641699761,1,0,FP
0.014731271,0.00018671373334109003,0.2658522787598259,0.0935900878951995,0,0,TN
0.00025060383,9.646740752380005e-10,0.06866134286772393,0.022970649220480952,0,0,TN
0.04775494,2.1967068094756865e-05,0.10812813002529327,0.05196834557963894,0,0,TN
0.0075173914,0.000274518191382592,0.15932564355095236,0.05570585103081841,0,1,FN
0.022472618,3.930755947644073e-05,0.2352102776804971,0.08590740112923478,0,0,TN
0.0032732857,0.00022421382578250283,0.05621190162798391,0.01990313371544137,0,0,TN
0.02006565,0.0010643656777953345,0.2516008984722401,0.09091030483131013,0,0,TN
0.12538072,0.0031832112773518923,0.34259543155489347,0.1570531225002494,0,0,TN
0.007283156,3.68855567447085e-06,0.35122163704440484,0.11950282713548065,0,0,TN
0.008986919,1.3866025439848891e-05,0.17935286212557533,0.06278454911267484,0,0,TN
0.07542391,0.10663184305917983,0.6556217766173539,0.2792258436301362,1,0,FP
0.0019667512,7.675977981249498e-07,0.38212622176982436,0.1280312468494039,0,0,TN
0.0018814792,5.5127784204013785e-06,0.06236484894040839,0.021417280296023623,0,0,TN
0.0005775124,4.821993474880142e-06,0.013804134203851005,0.004795489523048451,0,0,TN
0.0014316802,1.0274046696193208e-06,0.30630177298337474,0.10257816018535652,0,0,TN
0.000568619,1.0992796477923224e-07,0.01730971502196854,0.005959481315954934,0,0,TN
0.02197044,0.00275038811601318,0.11875565633967806,0.04782549471932122,0,0,TN
0.8674503,0.9995005528937775,0.6862250297620629,0.8510586265115517,1,0,FP
0.0002834193,6.370558698640088e-09,0.07839559600528109,0.02622634055864778,0,0,TN
0.022296147,0.0007639680313622144,0.1695283188985422,0.0641961447836356,0,0,TN
0.008111217,0.00013938469176944104,0.47757410379046317,0.16194156851380923,0,0,TN
0.008515344,0.0004639411357489653,0.2687927256735752,0.09259067027022566,0,0,TN
0.00012959524,2.910350397831393e-06,0.12374294764926033,0.04129181774616333,0,0,TN
0.0009721466,1.7553547550479163e-05,0.36329078130398895,0.12142682714244807,0,0,TN
0.006244161,4.008945047795383e-06,0.6185618091761172,0.20826999309580527,0,0,TN
0.28208888,0.02801216528449927,0.7020877863067848,0.3373962757872843,1,0,FP
0.034183677,1.2161701335178898e-05,0.14789759744506692,0.06069781214410391,0,0,TN
0.012672441,0.007783796226908724,0.37258270178364034,0.13101297969692055,0,0,TN
0.0003373763,5.731495698864768e-09,0.11618964844688089,0.038842343488915916,0,0,TN
0.000103700426,8.6323496658722e-11,0.12083748070621776,0.040313727072788776,0,0,TN
0.7213997,0.994072390155624,0.8361369315945937,0.8505363487445692,1,0,FP
0.2304508,0.6165249322860116,0.7489085572057019,0.5319614278641583,1,0,FP
0.74330366,0.3596844178606962,0.3174472525994641,0.4734784423460747,1,0,FP
0.36512503,0.9885793724268407,0.4201035405966345,0.5912693144342115,1,0,FP
0.002529015,1.215087184825158e-06,0.33621454630697123,0.11291492548675273,0,0,TN
0.0816384,0.00035702671029099543,0.6497240690868461,0.24390649967800104,1,0,FP
0.05217933,0.0023377315631552954,0.32798275517122877,0.12749993861055167,0,0,TN
0.036721304,0.0005957325605233306,0.4037730475024104,0.1470300280406541,0,0,TN
0.00027512352,1.4549325840780123e-07,0.05963518959027815,0.0199701528662343,0,0,TN
0.0014504471,1.1116418687526098e-05,0.0809339976635492,0.027465187071682554,0,0,TN
0.0023175857,3.4549136313429346e-05,0.15321862369374575,0.05185691952653695,0,0,TN
0.00020048795,1.413431177121835e-07,0.1098329079258202,0.036677845739568976,0,0,TN
0.008010099,0.0007646916727236548,0.1318407244742673,0.04687183828588238,0,0,TN
0.0011334037,4.795393817617997e-06,0.14406970817883002,0.04840263577115697,0,0,TN
0.013878702,0.001273782422820924,0.13106238790716937,0.04873829083867944,0,0,TN
0.0008835075,1.0728679603987183e-06,0.04369785544067835,0.01486081193091441,0,0,TN
0.038997304,0.011323959522882876,0.4572821547604909,0.16920113932595346,0,0,TN
0.14933595,0.0005449597222108003,0.2758834080275797,0.1419214394542708,0,0,TN
0.09630179,0.022320664975339796,0.3116663573064894,0.1434296029611242,0,0,TN
0.055582706,0.000284981251575565,0.13072807308646228,0.06219858674106991,0,0,TN
0.0046725655,2.7286169953597183e-06,0.25715954910439287,0.08727828107294873,0,0,TN
0.14380312,0.03918294468760751,0.4432106691707302,0.20873224450592054,0,1,FN
0.0017426667,1.3700009875362842e-05,0.32596919794567913,0.10924185488640113,0,0,TN
0.1839588,0.048062495962539094,0.37893271483190943,0.2036513364804585,0,0,TN
0.012386222,3.545511639616989e-07,0.16146344668316204,0.05795000786809829,0,0,TN
0.8169526,0.907521344471667,0.4059529054068748,0.7101422786841843,1,0,FP
0.050082307,0.046474794633945896,0.11062843010722444,0.0690618440166942,0,0,TN
0.0006315952,2.0592732223175518e-08,0.341491302345481,0.11404097271442105,0,0,TN
0.009036611,0.01319483415659978,0.6239466735137751,0.21539270616822515,0,0,TN
0.0018187645,1.016265247752438e-05,0.2081790104074741,0.07000264584969858,0,0,TN
0.21069387,0.0015252692217069905,0.6175601051489247,0.27659308012837075,1,0,FP
0.0069788215,3.09395515699261e-08,0.17619569624905415,0.06105818288788817,0,0,TN
0.29421404,0.442475452014347,0.7422255679583644,0.4929716866712271,1,1,TP
0.0030165338,7.54142773539603e-08,0.19727261066248514,0.06676307329083556,0,0,TN
0.88794565,0.7323654137126065,0.45805829029847106,0.6927897853397114,1,1,TP
0.003099716,8.387787264649648e-06,0.19769022953806845,0.0669327777869941,0,0,TN
0.7343059,0.14673101312486653,0.5115902445821644,0.46420905864124534,1,0,FP
0.03583631,0.0003094834454521873,0.5262716945456871,0.18747249572856806,0,0,TN
0.51763964,0.13523957530239908,0.687220265290696,0.4466998258621677,1,0,FP
0.00502156,0.00034818077898454345,0.13936575289901337,0.04824516456128052,0,0,TN
0.027839545,0.0010432709785910144,0.3697407623716004,0.13287452617024115,0,0,TN
0.0049909432,4.533017566458674e-05,0.028364067907496168,0.011133447108341734,0,0,TN
0.0068779835,0.0003188344174233618,0.1557180170237982,0.054304944965278816,0,0,TN
0.0002038518,8.319119803096166e-07,0.09943569168753234,0.033213458466369895,0,0,TN
0.0027246147,1.3104730558445053e-05,0.05101864061584479,0.017918786679751712,0,0,TN
0.0026754567,0.0001737583144648105,0.3570486187833924,0.11996594459708439,0,0,TN
0.005593881,6.506868807425795e-08,0.556738257538883,0.18744406787286008,0,0,TN
0.0005049223,5.748037818717256e-07,0.12168818582867179,0.04073122764294663,0,0,TN
0.8142346,0.8132305197416889,0.7663230618749832,0.7979293986629751,1,0,FP
0.0028405883,2.6323027590886455e-06,0.0636437420498158,0.0221623208958409,0,0,TN
0.000102254504,2.9966545892007503e-09,0.2741289618164196,0.09141040643898214,0,0,TN
0.003997923,2.5984054532471144e-06,0.08474721044730206,0.029582577242580812,0,0,TN
0.005782908,5.4331544523612634e-05,0.45295919166162785,0.15293214367828004,0,0,TN
0.00043378468,1.3820600513829728e-05,0.3310278695099171,0.11049182492904887,0,0,TN
0.0014925721,0.00010218365824420496,0.2641742812984469,0.08858967903004016,0,0,TN
0.113568164,0.8029083442156453,0.35499792152132187,0.4238248100483914,1,1,TP
0.00864004,0.00030571846729457355,0.2044623233174078,0.071136027165631,0,0,TN
0.022947587,0.00015673376768901142,0.12662008003264347,0.04990813362439392,0,0,TN
0.050170716,0.00025497790965949566,0.4439671634806306,0.16479761909618848,0,1,FN
0.40171555,0.9568964715548922,0.31033071922381145,0.5563142458750311,1,0,FP
0.05404158,0.0041263058989393095,0.11970917400073203,0.059292353088467205,0,0,TN
0.09807863,0.004090136086518447,0.37846761195856204,0.16021212630323356,0,0,TN
0.072964914,0.0012432864066070015,0.1043503209364343,0.05951950716204226,0,1,FN
0.0011394226,1.5330499560969335e-07,0.2149996694095772,0.07204641512012173,0,0,TN
0.9224567,0.9887513949409553,0.8053640408132213,0.9055240391608465,1,0,FP
0.009687598,0.006069052931843943,0.17530905469876423,0.06368856849799477,0,0,TN
0.018784339,5.562101520051391e-05,0.3862189469409493,0.13501963552151133,0,0,TN
0.828563,0.9839942837514335,0.7639021100001402,0.858819789560461,1,1,TP
0.0017128803,8.398781176281408e-08,0.15672387021782452,0.05281227817859885,0,0,TN
0.0039234683,1.6999163883519362e-06,0.060797063939245964,0.021574077382464602,0,0,TN
0.9694458,0.9388803950430095,0.708618515410684,0.8723149116922672,1,0,FP
0.0045246715,5.48102124609471e-05,0.18086361687745584,0.06181436618750861,0,0,TN
0.0026550626,1.3195573556233577e-08,0.30010247418847685,0.10091918332523582,0,0,TN
0.0013877486,1.94226668048901e-05,0.31267326896320163,0.10469348008814973,0,0,TN
0.00015019903,1.592669058334082e-08,0.3011905181892512,0.10044691104987032,0,0,TN
0.24339402,0.00040726748093534174,0.3289474991454899,0.19091626128198955,0,0,TN
0.0213329,4.237147138150945e-06,0.1623761797610822,0.06123777200558315,0,0,TN
0.05336645,0.0011707830810811547,0.3030237843314605,0.11918700538092399,0,0,TN
0.00461678,5.365348474591703e-06,0.49107584944254506,0.1652326649991936,0,0,TN
0.0031672646,3.915298418965005e-07,0.1765623865358405,0.0599100142316126,0,0,TN
0.31634027,0.15689128054477708,0.24199200665102308,0.23840785161801126,1,0,FP
0.024675366,0.0005507406819092328,0.4926234458651488,0.17261651736148767,0,0,TN
0.00094377523,2.22138173765714e-08,0.09197729175636965,0.030973696400246678,0,0,TN
0.001006895,7.399836422382128e-08,0.4444424410927003,0.14848313668960927,0,0,TN
0.6016867,0.39710447660337433,0.4190485657307157,0.4726132528046006,1,1,TP
0.029922368,0.00029359557175805037,0.0725498313202238,0.03425526496563332,0,0,TN
0.00029275395,1.1013615494090243e-07,0.13515671334859178,0.04514985914367189,0,0,TN
0.0077668503,0.0017735387969790004,0.2685810586338192,0.09270714924116029,0,0,TN
0.029466404,8.675389315920094e-06,0.3673637189189088,0.13227959931882732,0,0,TN
0.0029678673,2.8357361138072205e-07,0.1185068792352174,0.04049167670353526,0,0,TN
0.0015176741,8.142264038947371e-09,0.26304458481508647,0.08818742234271115,0,0,TN
0.2721238,0.0022309512110870477,0.4244519807514905,0.2329355818639093,1,0,FP
0.0069943005,0.0037861896653275913,0.1363917622845919,0.0490574174906099,0,1,FN
0.0018282058,2.810011667643141e-06,0.19467864928649,0.06550322168996729,0,1,FN
0.010782497,0.0005180653766101469,0.1279295314740817,0.04641003128478879,0,0,TN
0.06855262,0.12804982074440824,0.2905191805025909,0.16237387398531386,0,0,TN
0.069825254,0.09593045088186838,0.152784987348449,0.10618023087034012,0,0,TN
0.051918894,0.00022529071280418748,0.18043131284593875,0.07752516587041615,0,0,TN
0.0031385575,1.3500433034506764e-05,0.17964180189962742,0.060931286624925786,0,1,FN
0.6255603,0.4967395247423787,0.11781760913922039,0.4133724725141626,1,0,FP
0.054356877,0.00044838961431202827,0.3067266664855199,0.12051064428685104,0,1,FN
0.8876635,0.9971919679861377,0.8724940533055147,0.9191165016371142,1,0,FP
0.95213526,0.9777634230849752,0.5159780901057797,0.8152922593547531,1,0,FP
0.40224558,0.4753112239976434,0.5635058694035683,0.4803542248504222,1,0,FP
0.0023208263,1.5930473718304036e-05,0.37892671226240277,0.1270878230075237,0,0,TN
0.081798024,0.014423154743693595,0.54373569489331,0.213318958037526,0,1,FN
0.010814305,0.0005383428768513995,0.0851666770372991,0.03217310843634614,0,0,TN
0.038185578,0.00047675696390393594,0.13817273095295493,0.05894502191882395,0,0,TN
0.00068982714,3.697411102071164e-07,0.3620471146114916,0.12091243716371995,0,0,TN
0.011846704,0.00011681504749065812,0.05367350120895363,0.02187900688832357,0,0,TN
0.17055851,0.8979794218192141,0.2903622182996,0.45296671744322,1,0,FP
0.000851639,1.8722752343303692e-05,0.4785216391346427,0.15979733363652368,0,0,TN
0.0012932301,2.1612954399468194e-06,0.11159375391996783,0.037629715106245534,0,0,TN
0.013034205,1.5130989440347445e-05,0.4966284507901828,0.16989259557734734,0,0,TN
0.07586744,0.009433552487040156,0.3418192067258145,0.1423733986796946,0,0,TN
0.17011796,0.44434881723240804,0.7252791716381202,0.44658198275022604,1,0,FP
0.060846712,0.0001171150752641241,0.1497750253134426,0.07024628427631968,0,1,FN
0.022022115,0.007194818168689657,0.3019084674293586,0.1103751335548986,0,0,TN
0.009523088,4.891896215810253e-06,0.34698549464819833,0.11883782488562922,0,0,TN
0.031945396,6.870668686263517e-05,0.528719930766617,0.18691134455606775,0,0,TN
0.09236468,0.02221433909328827,0.3883107176336796,0.16762991100789293,0,0,TN
0.002612711,0.0006308535556534722,0.35675842080435144,0.12000066176347064,0,0,TN
0.026074624,1.8093553448680576e-05,0.16926769246211038,0.06512013656820483,0,0,TN
0.02910292,2.083790338641509e-07,0.22800029499198562,0.08570114099809174,0,0,TN
0.033315517,0.0001859705921505684,0.11442316833478372,0.04930821864507962,0,0,TN
0.0073125116,0.0020673454127257767,0.5876898878966204,0.19902324828964066,0,0,TN
0.00041378877,3.9824728136308093e-07,0.08017413125210456,0.02686277275765701,0,0,TN
0.028727839,0.0002644175835616044,0.030145459570757316,0.01971257197462467,0,0,TN
0.0009007033,6.103915943916535e-07,0.08111201192345292,0.027337775207584725,0,0,TN
0.009349223,2.7595078485902343e-05,0.0467567544614456,0.01871119092208011,0,0,TN
0.29036412,0.1472791895274932,0.5203955210353735,0.31934627566438306,1,0,FP
0.05439202,5.529597647520881e-05,0.29723811013708346,0.11722847575431851,0,0,TN
0.00025941114,3.017372284018104e-07,0.14317274538896807,0.047810819423034216,0,0,TN
0.40323037,0.9499232958415827,0.19392982456945823,0.5156944965006917,1,0,FP
0.010990098,2.7102666908220375e-07,0.3491418809879897,0.12004408337781362,0,0,TN
0.043620598,0.0009629349886595261,0.33132338481653545,0.12530230579210985,0,0,TN
0.0053550275,0.001263731612368432,0.385694994010411,0.13077125104234824,0,0,TN
0.13948208,0.008204408412277623,0.8341552172580683,0.3272805688689259,1,0,FP
0.7431312,0.9585602095798559,0.6520624913238618,0.7845846404148156,1,0,FP
0.19309805,0.5299913344534156,0.7421450062371976,0.48841146467558555,1,0,FP
0.17577054,0.34303624937574995,0.3665796644216348,0.2951288166208288,1,0,FP
0.3473633,0.21750393205885976,0.489938287440989,0.3516018375569259,1,0,FP
0.012985699,0.0029572328725292166,0.18593290925378178,0.06729194700169204,0,0,TN
0.00043366518,1.5542980450636348e-07,0.04210589764837014,0.014179906084854173,0,0,TN
0.0040576626,3.5953914187472755e-07,0.03558969828446743,0.01321590679504838,0,0,TN
0.1478911,0.10522194292766696,0.2692744485835691,0.17412916524419333,0,1,FN
0.0034853267,7.324923228977663e-07,0.33011416165651014,0.11120007360134737,0,0,TN
0.00644945,1.5880694478781492e-08,0.04839325718460423,0.01828090762423473,0,0,TN
0.001355862,0.0005293420208906428,0.17374920154060314,0.05854480185787559,0,0,TN
0.0523068,0.00018941620958857087,0.39212594453781613,0.14820738727603613,0,0,TN
0.0012204342,3.65505403485943e-07,0.28385480661908724,0.09502520211003244,0,0,TN
0.34528342,0.5454122998013317,0.4391378802422205,0.4432778663124554,1,0,FP
0.0007346635,5.733115701286267e-07,0.07533950947680089,0.025358248766200155,0,0,TN
0.02392231,0.00022860910787855495,0.2050361944541913,0.07639570428050389,0,0,TN
0.0017374577,5.598528654146002e-06,0.25738808702140403,0.08637704775004397,0,0,TN
0.00033066617,5.521020783724193e-06,0.36340277532580073,0.12124632083800439,0,0,TN
0.001366971,2.6797985413823543e-06,0.29632613782627876,0.09923192952301284,0,0,TN
0.0014205092,2.880233139932035e-06,0.04322465981321439,0.014882683077642551,0,0,TN
8.964343e-05,2.79011398833564e-08,0.05826682062113874,0.01945216398359607,0,0,TN
0.018569348,0.0008611584463041213,0.36210529663072005,0.12717860115233126,0,0,TN
0.8971829,0.9155279604303036,0.6397668746466119,0.8174925723030128,1,0,FP
0.041167896,0.0002812590410239621,0.44642453308602137,0.16262456278933166,0,0,TN
0.002441169,1.9326147175770614e-09,0.13067566052125104,0.04437227714981329,0,0,TN
0.007373549,0.00032438374566007164,0.19675169745125837,0.06814987674701689,0,0,TN
0.01773336,9.287875300907514e-07,0.46308432746834943,0.16027287198842052,0,0,TN
0.0046729785,0.0021849777957803707,0.15932564355095236,0.05539453329525085,0,0,TN
0.0024191032,5.5289501445645796e-08,0.2095175566899565,0.0706455717164239,0,0,TN
0.00073049776,4.585389841512365e-07,0.010464282724787586,0.0037317463421108602,0,0,TN
0.3029228,0.051188567584757594,0.25011725433707716,0.2014095357346566,0,0,TN
0.17272146,0.7882328545597197,0.23004016775724329,0.39699816092619317,1,0,FP
0.010009619,5.622503811099185e-06,0.35718818567155514,0.122401142527574,0,0,TN
0.037356764,2.9189457440008526e-06,0.30261111137933916,0.1133235981344078,0,0,TN
0.010267288,2.585293551583766e-05,0.38532385156847765,0.13187233097602272,0,0,TN
0.0019377908,4.5221748093026767e-07,0.08904007582594359,0.030326106272411158,0,0,TN
0.06394442,0.0005220942631088408,0.2754486395808415,0.11330505185084472,0,1,FN
0.009494835,8.589491414938474e-05,0.1409144566010772,0.05016506203158466,0,0,TN
0.0003367704,1.2315023290249707e-08,0.04824363973485364,0.01619347415156855,0,0,TN
0.010952705,0.011299134500541031,0.13173326858128945,0.05132836922263972,0,0,TN
0.21049538,0.10356313307087672,0.4336722705058265,0.24924359537469395,1,0,FP
0.03585012,5.336995128466951e-06,0.3891051433472319,0.1416535330626872,0,0,TN
0.11512144,0.16956886845339753,0.28117554161506175,0.18862194972259036,0,0,TN
0.016945858,1.1273467283854553e-06,0.04315864903585544,0.020035211312419324,0,0,TN
0.016976124,2.3420717809265544e-07,0.2861676967030694,0.10104801819531717,0,0,TN
0.2732924,0.92788521885371,0.41349213750648994,0.5382232496174981,1,0,FP
0.14799605,0.36321998148125995,0.5710500555437145,0.36075536337486885,1,0,FP
0.13215862,0.1419379720999864,0.09383565861216236,0.12264408428593383,0,0,TN
0.04848351,0.0011130267427138874,0.2303226478797174,0.0933063947309305,0,0,TN
0.048076198,0.023404207157190028,0.31864494450217756,0.13004178305478828,0,1,FN
0.27448916,0.010348085775746758,0.6141039082770886,0.2996470528017508,1,0,FP
0.0021279824,9.26249072723348e-08,0.44961823962271363,0.15058210489693982,0,0,TN
0.058610838,2.593135808759129e-05,0.6887919974501231,0.24914292223826992,1,0,FP
0.0068805935,9.459889294691992e-05,0.21889065544967204,0.0752886159429164,0,0,TN
0.00018563506,6.138270505254143e-05,0.07488021162155174,0.02504240979462742,0,0,TN
0.032817427,0.00032161340588074286,0.4910252716596763,0.1747214373781686,0,0,TN
0.0004432142,1.3769018247612127e-08,0.06653813262465087,0.022327120198345835,0,0,TN
0.01294941,2.034031941805856e-05,0.18139769375260348,0.06478914798888892,0,0,TN
0.6543378,0.49745561848342074,0.3669611839633684,0.5062515419459166,1,1,TP
0.8743468,0.9964372858106799,0.30387344327866084,0.724885840595749,1,1,TP
0.43632436,0.41217162727676054,0.3620254974536438,0.4035071609056182,1,0,FP
0.0022112539,2.917562811080687e-05,0.07034560484241548,0.024195344775922122,0,0,TN
0.004163329,1.2957922287419918e-05,0.23350648257672008,0.07922758984095844,0,0,TN
0.0047551254,2.9950409410724895e-05,0.2560449555884416,0.08694334379296827,0,0,TN
0.0017058598,4.7265737752861566e-06,0.12877272287251096,0.04349443641134947,0,0,TN
0.0014193206,2.5702041132956503e-05,0.16576720264853798,0.05573740842526947,0,0,TN
0.051436484,0.0416943607143687,0.240953678648961,0.1113615077411152,0,1,FN
0.0070323762,1.5123459513338663e-05,0.5986270566720141,0.20189151879330566,0,0,TN
0.22130616,0.0007162082653235741,0.1494042893433918,0.1238088859003564,0,0,TN
0.0009265884,4.196198292540177e-07,0.35643589021605016,0.11912096606893662,0,1,FN
0.31905836,0.9312385874077206,0.2983073107131784,0.51620141893006,1,0,FP
0.10681088,0.0001711238837413748,0.33816972151184677,0.14838390936105228,0,0,TN
0.012101149,2.9941815639084095e-05,0.18169992846181265,0.06461033982131457,0,0,TN
0.8207022,0.9981618625989884,0.7707280802427604,0.8631973793364301,1,1,TP
0.24339402,0.00040726748093534174,0.3289474991454899,0.19091626128198955,0,0,TN
0.9656002,0.9409817705532143,0.7772187949054723,0.8946002526685103,1,0,FP
0.0053163264,3.2058064069127184e-05,0.11781891091149242,0.041055765123412906,0,0,TN
0.0006044682,1.4906572876064637e-06,0.07125173959808476,0.023952566159515177,0,0,TN
0.0077711847,8.600841312850799e-06,0.2873583789733244,0.09837938816086073,0,0,TN
0.20444956,8.633436540438382e-05,0.15320567837206095,0.11924719231866215,0,0,TN
0.0037792337,4.152173925328769e-05,0.21100773073918008,0.0716094953815234,0,0,TN
0.16553017,0.03548095162777162,0.43553939698274347,0.21218350786038065,0,0,TN
0.039268114,0.0003195636394944513,0.38482139352256883,0.14146969027826553,0,0,TN
0.3561121,0.16479585501347974,0.2586990747329179,0.2598690074932603,1,0,FP
0.036970526,0.013583097233525111,0.4542833139818207,0.16827897906511383,0,1,FN
0.02502882,0.42805108675749415,0.3258546414291559,0.259644849134976,1,0,FP
0.0022841732,1.0570074457338655e-06,0.20060573002925558,0.06763032006396826,0,0,TN
0.06040875,0.026969529100174812,0.4432853918219745,0.17688788986948767,0,0,TN
0.1310637,0.006404455733707866,0.5157387820694551,0.21773564584181768,0,0,TN
0.0029923466,1.8517726785306175e-05,0.3045628975080154,0.10252458729493007,0,0,TN
0.0009431824,2.1138899514187833e-05,0.18779555692578126,0.06291995940360735,0,0,TN
0.0038892638,6.444442976134432e-07,0.4315789438791673,0.14515628405461903,0,0,TN
0.0039072,5.314784193239429e-06,0.2291560781800745,0.07768953097109794,0,0,TN
0.0007710379,2.015818038167459e-06,0.07672548148773695,0.02583284506358767,0,0,TN
0.0055901185,1.3529987308701224e-05,0.18089454476372524,0.062166064406280565,0,0,TN
0.0006507151,3.8817480199194326e-08,0.2848822565167771,0.09517767013904704,0,0,TN
0.0063459566,0.01384410594772774,0.12269513663262915,0.047628399722219404,0,0,TN
0.14320882,0.006658056525819223,0.2553633813735662,0.13507675151563833,0,0,TN
0.00055305293,8.376485697019433e-05,0.14182362804877752,0.04748681527879158,0,0,TN
0.0011694713,3.854707403417092e-05,0.25822762340110594,0.08647854725938038,0,0,TN
0.015141582,5.5652741511994746e-05,0.26642697630443046,0.09387473705414236,0,0,TN
0.41919938,5.75193961177502e-07,0.10542788546307093,0.1748759459851291,0,0,TN
0.006279271,0.00025824268099961244,0.2763977909948533,0.09431176825728134,0,0,TN
0.0009295673,0.00021028973276610138,0.2226735597445084,0.07460447226662505,0,0,TN
0.4727604,0.20806153406962827,0.6722786868620377,0.4510335433494703,1,0,FP
0.046611704,9.923478691020969e-05,0.3253428343260847,0.12401792434842673,0,0,TN
0.0034119696,2.253954891328046e-05,0.678283953933139,0.22723948770589597,1,0,FP
0.0010744378,1.0272792257088845e-07,0.05870989369023295,0.019928144722886315,0,0,TN
0.021095393,0.03680001142432318,0.5291390762944391,0.195678160314771,0,0,TN
0.0012274414,1.560114192636558e-10,0.05735966406363588,0.019529035193296653,0,0,TN
0.020164303,5.6242126475067986e-06,0.19538242698461777,0.07185078489294804,0,0,TN
0.0003957868,1.2968028143038762e-05,0.23874023883500398,0.07971633122204332,0,1,FN
0.0032121013,1.8849740812134085e-05,0.4498913033493155,0.15104075146066423,0,1,FN
0.07746699,0.033176260043151995,0.3599033093178444,0.15684885214480596,0,0,TN
0.21948269,0.006484312868236537,0.3925437444673816,0.20617024914383988,0,0,TN
0.238491,0.2588663828685462,0.48808308868438216,0.3284801567659643,1,0,FP
0.0062035616,3.973848020330022e-05,0.15651467209693773,0.054252657377578416,0,0,TN
0.0019368709,9.264060808667534e-06,0.10680477368054278,0.036250302867095775,0,0,TN
0.0048952145,1.6179348781270519e-06,0.3385324130704174,0.11447641515412015,0,0,TN
0.0011296635,3.4688892532998844e-07,0.13919011596925934,0.04677337546918276,0,0,TN
0.032041084,0.003520646247423607,0.42123514128536027,0.15226562385137124,0,0,TN
0.016694995,0.0002646330313431939,0.4354382221213755,0.15079928326534975,0,0,TN
0.0010949299,3.5556634690852543e-06,0.12457336189262956,0.04189061581001399,0,1,FN
0.32147795,0.016993865373357966,0.5113266016221372,0.2832661388715961,1,0,FP
0.0130781,6.21663021704179e-05,0.3043038525540511,0.10581470630140904,0,0,TN
0.08406912,0.012382483856128215,0.3628196556226211,0.15309041912748625,0,0,TN
0.0012277997,1.8471824538233835e-07,0.1530787641476476,0.05143558285083208,0,0,TN
0.6838746,0.9775870050412259,0.2551025226982798,0.6388547116085624,1,1,TP
0.11753179,0.0022826207668086517,0.08716952747430365,0.06899464652349872,0,0,TN
0.9932761,0.999593184066994,0.6749670226875428,0.8892787753289048,1,0,FP
0.062679276,0.009781959271882145,0.3025455563771154,0.12500226383977356,0,0,TN
0.00018970168,1.053314723915642e-08,0.2585898168427861,0.08625984301774446,0,0,TN
0.1234431,0.0023823346024138816,0.17554551970087862,0.10045698372647897,0,0,TN
0.1461832,0.002805678231770205,0.27468828074415125,0.14122571723529045,0,0,TN
0.34221336,0.7407917734313296,0.7575128804141299,0.6135060054336092,1,0,FP
0.003997061,5.483604198875613e-07,0.264405988577082,0.0894678659578154,0,0,TN
0.937578,0.7036794837635622,0.8212328899020178,0.8208301320485303,1,1,TP
0.0515862,0.00018887820788586015,0.6944796414297434,0.24875157306315,1,0,FP
0.00073496357,0.0004170959562933554,0.20765879317009986,0.06960361756570489,0,0,TN
0.14339887,0.19149153209165748,0.5149231635743102,0.2832711872411212,1,0,FP
0.4721599,0.04088743710381589,0.4703846565467581,0.3278106619904023,1,0,FP
0.007680529,1.7508212397623143e-05,0.3877546535163151,0.13181756350864066,0,0,TN
0.020081835,0.00016665831294881414,0.07270637843232393,0.030984957204289787,0,0,TN
0.043261927,0.0010661817733513157,0.4883319124191009,0.17755334027121694,0,0,TN
0.004418724,1.9869648874858296e-05,0.13053933390702782,0.04499264259080782,0,0,TN
0.24653576,0.06488425216518225,0.05773267851822077,0.12305089794263203,0,0,TN
0.6351722,0.9773410187352701,0.6856656634990783,0.7660596235054538,1,1,TP
0.024714194,0.38809959519741616,0.34509750652265314,0.25263709865275175,1,0,FP
0.037076056,0.00019704271541566825,0.46035781126684455,0.16587696999527693,0,0,TN
0.0041783554,0.0001426569070678608,0.19198584288914225,0.06543561841471936,0,1,FN
0.0016096806,2.7972402145239022e-08,0.46916950417478326,0.15692640424642262,0,0,TN
0.08207548,0.006091935848942979,0.3981586061578435,0.16210867288440325,0,0,TN
0.9750931,0.9996133468475835,0.893392489882079,0.9560329876755532,1,0,FP
0.059287217,0.001615335867512997,0.24681579502686982,0.10257278246957725,0,0,TN
0.11862305,0.0027472002877821093,0.17294128903655603,0.09810384579714367,0,0,TN
0.00044195083,2.1265663482901308e-07,0.10717122957116348,0.035871131020330134,0,0,TN
0.024030427,0.0002988538578516028,0.5302222455253959,0.18485050863345878,0,0,TN
0.037954476,0.01105627254703048,0.30894541368577916,0.11931872065448908,0,1,FN
0.0034896152,7.004419829744252e-08,0.47473739004255316,0.15940902508319532,0,0,TN
0.015853856,0.0004316747401429464,0.1720407976665903,0.06277544272187956,0,0,TN
0.023751238,3.671140090955047e-05,0.09247776180791605,0.038755237189942206,0,0,TN
0.0020443674,9.704317630454535e-06,0.32907765447279447,0.11037724205385065,0,0,TN
0.00068977295,3.957465967565903e-06,0.19235140182959817,0.06434837741426382,0,0,TN
0.0130650895,2.163922713990813e-05,0.14010666769691985,0.051064465465232654,0,0,TN
0.0036907026,5.543563159119082e-07,0.41290395496527277,0.13886507064314796,0,0,TN
0.7889716,0.9884456634316657,0.5885093627402802,0.7886422096962211,1,0,FP
0.008306967,4.970165716383916e-05,0.3713377223617617,0.12656479703782206,0,0,TN
0.5143554,0.0005681815104816024,0.16225146851733863,0.22572502369803482,1,0,FP
0.22962296,0.7696689924965825,0.3354675294917469,0.4449198273596555,1,1,TP
0.041543514,0.0001862246168113545,0.07646125952892709,0.03939699922739723,0,0,TN
0.001117773,1.4401131719237028e-07,0.0673455562626142,0.02282115775957964,0,0,TN
0.0030011567,0.0015050118038088566,0.4734767011315229,0.15932762322134883,0,0,TN
0.29009745,0.6456166053639303,0.1343576078625284,0.35669055282533874,1,0,FP
0.04704925,0.00026932423341646355,0.32140170623701264,0.12290676030804655,0,0,TN
0.27329892,0.8815716761119494,0.8448643213862882,0.6665783055663783,1,0,FP
0.0111749265,0.002344467522036518,0.6725328789945797,0.22868409101697043,1,0,FP
0.06751789,0.07341434634051443,0.6048936095919049,0.24860861581954716,1,0,FP
0.0018222479,4.070158686544523e-06,0.1992771941282775,0.06703450405178928,0,0,TN
0.0015954633,2.2353429844580032e-05,0.2513158121982041,0.08431120962751255,0,0,TN
0.00040919596,2.4627129819222383e-10,0.1458626739050072,0.0487572900358623,0,0,TN
0.5566102,0.9847684603931753,0.7494619817894747,0.7636135562712716,1,0,FP
0.033506446,0.0025424278850939832,0.25651236875305233,0.09752041407494257,0,0,TN
0.03405525,0.021602739783993526,0.4522576525418424,0.16930521465133216,0,1,FN
0.0011872714,1.3422252060318162e-06,0.7108224840284246,0.23733703256405655,1,0,FP
0.0016445676,2.2810859353346678e-06,0.14158098673215094,0.047742611801522616,0,1,FN
0.014780942,0.0010706881151429073,0.21359549903029407,0.07648237649868765,0,0,TN
0.8207022,0.9899174469022411,0.7601339123338168,0.8569178514678665,1,1,TP
0.0011612229,1.538961066050446e-07,0.1379518835401709,0.04637108678816038,0,0,TN
0.0031685492,1.4399318777616197e-05,0.34130960808544014,0.11483085218667806,0,0,TN
0.0002459487,2.11956115433784e-07,0.23680141510423125,0.07901585858693794,0,0,TN
0.05216157,0.906673618747456,0.4610566502525452,0.4732972798794732,1,0,FP
0.0024911857,0.0006133421159518654,0.06936908317634777,0.024157870322247824,0,1,FN
0.014824314,1.6629775932078402e-05,0.09322924594311577,0.036023396587324556,0,0,TN
0.13218674,0.011258243473061773,0.21760168936651914,0.12034889115880217,0,1,FN
0.8394217,0.7441596403199857,0.8032264500097571,0.7956025932800294,1,0,FP
0.0063242847,0.0006865062043253327,0.1548984179228127,0.05396973627904269,0,0,TN
0.00722452,4.242577451652731e-06,0.38043586432789517,0.12922154236935765,0,0,TN
0.0205816,0.002646884432140012,0.08860846815254513,0.03727898396987559,0,0,TN
0.02586364,3.127918662287918e-06,0.34654474879468156,0.12413717224123359,0,0,TN
0.38362786,0.6047882782541504,0.6128486433447171,0.5337549277790242,1,0,FP
0.00032340165,5.856193948124267e-06,0.19442971397630174,0.06491965727262326,0,0,TN
0.052253306,9.560165185589287e-05,0.24507702339251083,0.09914197698546151,0,0,TN
0.014686719,0.00019728765430450688,0.1910379861337249,0.06864066412371214,0,0,TN
0.007514585,0.00015322416716063357,0.0817362739550527,0.02980136097725168,0,0,TN
0.0076270546,6.773058721434206e-05,0.5075695136458248,0.1717547662721068,0,0,TN
0.008572231,0.00011076832349968793,0.5398713795321651,0.1828514596341734,0,0,TN
0.017128116,0.00018672832573417576,0.33530443870418913,0.11753976084993485,0,0,TN
0.0026179424,1.72291520817374e-05,0.3319194047710107,0.11151819210841057,0,0,TN
0.0018978104,2.4673586382621624e-08,0.46682385356845496,0.15624056287276353,0,0,TN
0.004381242,4.0526088999160155e-06,0.1343704883218232,0.046251927712968634,0,0,TN
0.0016929785,1.3515332017435804e-07,0.1809670365150729,0.06088671673907014,0,0,TN
0.55485755,0.9472604207254329,0.3922012984375882,0.6314397570715218,1,0,FP
0.026063832,4.95456715544795e-05,0.1556160471603382,0.06057647478498449,0,0,TN
0.0015030367,3.191241513730654e-06,0.42569581627248215,0.1424006814069014,0,0,TN
0.07665989,0.0003957780434756016,0.052402628718857494,0.043152764930477205,0,0,TN
0.001644206,7.86127994330327e-07,0.034189873005181774,0.011944955044556027,0,0,TN
0.0060526463,8.031793219714186e-06,0.07425670476827811,0.02677246096060368,0,0,TN
0.015141582,5.5652741511994746e-05,0.26642697630443046,0.09387473705414236,0,0,TN
0.5907748,0.902624215418871,0.18221618883158894,0.5585383929339506,1,0,FP
0.422858,0.316302314483509,0.3270186251090624,0.35539297979806905,1,0,FP
0.0032619922,2.6758293074960115e-06,0.16340053253413697,0.05555506686854391,0,0,TN
0.013662412,2.9863768954396262e-06,0.12988580178139905,0.047850399996537944,0,0,TN
0.0077578533,5.057275128924728e-06,0.01766979106283557,0.008477567196305024,0,0,TN
0.015559343,2.8950759644318256e-05,0.16339629942117145,0.059661530956875986,0,0,TN
0.19907218,0.0007137992360868651,0.307396965718079,0.1690609823775544,0,1,FN
0.047947384,5.634423738967874e-05,0.34051021488177086,0.12950464784540586,0,0,TN
0.035447344,0.004927022501986013,0.22254291137347482,0.08763909268646088,0,0,TN
0.09394297,0.0010547218402517618,0.30219333315172314,0.13239700834314508,0,1,FN
0.039819382,0.0008059274385151183,0.4034959542148947,0.14804042126150316,0,1,FN
0.0016833552,1.0534760042896762e-08,0.25232253340992067,0.0846686330457782,0,1,FN
0.033214696,0.00031345059418324785,0.19001457339689018,0.07451423991424681,0,0,TN
0.6887599,0.09008299882844635,0.6140713679202227,0.46430476324331044,1,1,TP
0.1609111,0.049489102271913304,0.626809383620617,0.2790698613383757,1,1,TP
0.45130888,0.44705344196448643,0.7643541489001469,0.5542388223802165,1,0,FP
0.00076640054,5.266163087521499e-06,0.2753648543593912,0.0920455070204431,0,1,FN
0.10571511,0.08781315938148986,0.504180488827094,0.23256958636886726,1,0,FP
0.005985131,1.7160822170081208e-08,0.4443046339621283,0.15009659404817985,0,0,TN
0.015197568,0.00012264360530011127,0.3795169443300981,0.13161238519237775,0,0,TN
0.13471566,0.04168846031971899,0.6769764385313785,0.28446018675253815,1,0,FP
0.001478371,4.715248878654399e-05,0.0915129120977536,0.031012811854701932,0,0,TN
0.000119008255,3.7914281469290057e-07,0.016259886275967538,0.005459757891208044,0,0,TN
0.7880512,0.7926626148173112,0.21389356589516254,0.5982024562348566,1,0,FP
0.0944227,0.022847342352994682,0.6776259254826872,0.2649653219522056,1,1,TP
0.04132384,1.0779774716390026e-05,0.4133627781197672,0.1515657995042057,0,0,TN
0.4845064,0.5048584843418561,0.23126923051267056,0.40687803776464465,1,0,FP
0.0003507026,1.6667409251181044e-07,0.04390071944703648,0.01475052957777472,0,0,TN
0.0014595357,9.201441686425145e-06,0.3866947446293501,0.12938782724934084,0,0,TN
0.50587326,0.0009550710489846166,0.18856097418580015,0.23179643603900582,1,0,FP
0.06533809,0.0014853271374968434,0.37985621455572477,0.148893210585121,0,0,TN
0.0058040037,0.0002780948883798441,0.25880932520967403,0.0882971412600138,0,0,TN
0.012317512,0.0001810645509068354,0.6362277199076837,0.21624209888099066,0,0,TN
0.0007085081,1.943715940350152e-09,0.09478246004339563,0.03183032335317751,0,0,TN
0.016000662,9.161981366688614e-05,0.1352872277953666,0.050459836536006886,0,1,FN
0.0006196187,1.479191369435138e-07,0.0974168215415614,0.03267886271615902,0,0,TN
0.0048628305,0.00018452663069419553,0.07025034829134194,0.025099235143512158,0,0,TN
0.049651165,8.666617851052877e-05,0.35188225229020803,0.13387336101007621,0,1,FN
0.03465311,0.10899734019102184,0.625374059951637,0.2563415029032194,1,0,FP
0.064709045,0.011148481946665805,0.29243144493584283,0.12276299062514412,0,1,FN
0.002086418,5.632523947923739e-07,0.12085922954212838,0.040982070258959315,0,0,TN
0.11348031,1.89126880264136e-05,0.21432677919739546,0.10927533301574328,0,0,TN
0.3943929,0.08542783409260206,0.4053861914088657,0.2950689777069814,1,0,FP
0.05381811,0.007369330724572219,0.6679375245956195,0.24304165523226273,1,0,FP
0.0074272514,5.7195131726750395e-06,0.15488797542864607,0.054106982124636584,0,0,TN
0.00060241326,1.993778413883518e-06,0.32625851677455686,0.10895430793762767,0,0,TN
0.0012227504,5.1470789648117716e-06,0.15463468095432928,0.05195419281271458,0,0,TN
0.004397559,0.00010012801222512746,0.4191285388821214,0.14120874195801222,0,0,TN
0.02865912,0.012666195300917598,0.10763574611639487,0.049653687206459,0,0,TN
0.09421476,0.00010833659465460799,0.19195197100656167,0.0954250224560906,0,0,TN
0.17365275,0.0019007035885495386,0.7880240391186524,0.3211924986470372,1,0,FP
0.00091770815,1.1072500012695137e-07,0.1506198922657836,0.050512570380919164,0,0,TN
0.00318819,1.6491662082895146e-06,0.0858455891902712,0.02967847613563421,0,0,TN
0.00014670326,4.351810842345386e-09,0.41788962852828143,0.13934544537875668,0,0,TN
0.03772141,0.00011921852050497383,0.1160230733727688,0.051287900762329565,0,0,TN
0.00029353958,1.8110183645888364e-06,0.38848062947598416,0.12959199335647234,0,0,TN
0.8207022,0.9981618625989884,0.7707280802427604,0.8631973793364301,1,1,TP
0.8207022,0.9981618625989884,0.7707280802427604,0.8631973793364301,1,1,TP
0.00039534614,5.405521058292733e-09,0.37799493050002786,0.12613009401581163,0,0,TN
0.48864147,0.04067623949134118,0.5194974826674044,0.34960506427648186,1,1,TP
0.094522566,0.10498576111696684,0.25594024387442604,0.15181619019821638,0,0,TN
0.00031964332,1.7468944118121203e-06,0.338143503513758,0.11282163124421456,0,0,TN
0.37913206,0.06400148406994552,0.6110444011471379,0.3513926491379384,1,0,FP
0.033339135,7.85604577442446e-05,0.43338365570819726,0.15560045050491278,0,0,TN
0.009723346,6.652807631361206e-06,0.2815226514645729,0.09708421667376148,0,0,TN
0.0042932197,0.00033166786920828804,0.2401483316876407,0.08159107306962529,0,0,TN
0.00043828052,1.0941560411303935e-06,0.062126315766551456,0.02085523014754065,0,0,TN
0.8211273,0.08509407084473844,0.631412744350083,0.512544703562967,1,0,FP
0.009169882,7.137899721561344e-06,0.13973603649750846,0.04963768552021181,0,0,TN
0.05088735,0.0031401778649764503,0.20413126039745683,0.08605292941847459,0,0,TN
0.0045210733,0.000412645539628794,0.22701444027067108,0.07731605303938063,0,0,TN
0.0560426,0.00033797891863446777,0.1460143351113969,0.06746497148437632,0,0,TN
0.0010662377,5.756227276397102e-05,0.21456102505434177,0.07189494167172343,0,0,TN
0.10412024,0.000930651958533322,0.12032589968268168,0.07512559708555179,0,0,TN
0.15835136,0.43627334687293523,0.06450123321125054,0.21970864727858072,0,1,FN
0.27970436,0.37166622444738306,0.2232650612463325,0.2915452159492408,1,0,FP
0.54589665,0.03405368037852054,0.5005431001473857,0.3601644766288543,1,0,FP
0.051968206,0.040797913601318694,0.41571338908453753,0.16949316946868084,0,0,TN
0.66784364,0.5312233313654692,0.5303553242284109,0.5764740984814988,1,0,FP
0.4705684,0.19259428578042478,0.8701999325094975,0.5111208689968025,1,0,FP
0.0030137973,5.343689976782683e-05,0.19617663073963015,0.06641462165886243,0,0,TN
0.010519135,7.499056332545236e-06,0.19425824201726924,0.0682616252952196,0,0,TN
0.0055313497,3.3373306553081977e-06,0.1240544858041435,0.043196390939947295,0,0,TN
0.006847655,2.3150128029671012e-05,0.26612455237078725,0.09099845247792981,0,0,TN
0.0005047613,1.1763961343181188e-07,0.13690529182673924,0.0458033902534496,0,1,FN
0.03186001,1.2368807988885562e-06,0.38059592985310575,0.13748572518989907,0,0,TN
0.17751154,0.2660608426018834,0.19644275003302963,0.21333837855680673,0,0,TN
0.029733257,0.010824902855510427,0.2609474345005397,0.1005018649080857,0,0,TN
0.0023135582,5.482288839512898e-08,0.14052433906358258,0.047612650710516236,0,0,TN
0.0088765975,0.007790113459846198,0.18380787537373183,0.06682486211412204,0,0,TN
0.56696326,0.5729934406151663,0.5394109970013845,0.5597892310073257,1,0,FP
0.14240065,0.005049663537376848,0.14456908036925203,0.09733979869227005,0,0,TN
0.00064636004,0.000532426734400875,0.13894148620909533,0.04670675766246605,0,0,TN
0.00056478963,4.685352151043139e-08,0.047756664350069825,0.01610716694530888,0,0,TN
0.09355824,0.023995791453701298,0.23627821905535973,0.11794408248855247,0,0,TN
0.0044000773,2.683509857108146e-05,0.24335166477207001,0.08259285904885764,0,0,TN
0.15631594,0.0077693913875250585,0.7393050030697452,0.3011301106985177,1,0,FP
0.0004954193,8.012414079045117e-09,0.3096035377597101,0.10336632169526322,0,0,TN
0.06365435,0.03255507152850115,0.5118853136047572,0.20269824446248738,0,0,TN
0.02142588,0.00788387581387054,0.09884159564374143,0.042717117316448505,0,1,FN
0.027097309,0.006659346042775542,0.12852093458537506,0.0540925298787971,0,0,TN
0.012451066,2.17010100681735e-05,0.23669144175067314,0.08305473615498928,0,0,TN
0.08131518,0.21955362243021412,0.5125167235212461,0.2711285093669568,1,1,TP
0.0017712015,2.3841347271371554e-07,0.10278276938834453,0.03485140309927658,0,0,TN
0.0903472,0.022781935240560634,0.37296581366552456,0.1620316498460602,0,0,TN
0.01713824,0.007574848045240002,0.24280943282222475,0.08917417390879241,0,0,TN
0.037821226,0.0024261041104764263,0.09860870165933862,0.046285343863928984,0,0,TN
6.325284e-05,4.504034506080663e-09,0.12403320225492491,0.04136548653266213,0,1,FN
0.004056387,7.484781990121547e-05,0.24379723995967242,0.08264282496494785,0,1,FN
0.7594351,0.3846846938918034,0.8047974877756792,0.649639099637401,1,0,FP
0.011791937,1.3544319428454896e-07,0.026624424636301377,0.012805499044233082,0,0,TN
0.0065679136,6.504960829274056e-10,0.2036530397951811,0.07007365133963749,0,0,TN
0.11346452,0.013623540685506783,0.5744207001141717,0.23383625339373384,1,0,FP
0.03754881,0.000804569671152862,0.05694717346770173,0.031766851127487054,0,0,TN
0.6512505,0.2524052086678096,0.6263985484774073,0.5100180795835821,1,0,FP
0.09375861,0.00019124336639418177,0.4540247542171958,0.18265820348492,0,0,TN
0.010026493,2.2694537316743196e-06,0.19471919486110337,0.06824931914153257,0,0,TN
0.004462375,0.00034587713344706207,0.3101979802821135,0.10500207741849743,0,0,TN
0.06910071,0.04271760443204629,0.21280036815802977,0.10820622678648999,0,0,TN
0.049788978,0.20736384059897625,0.28445815001228425,0.18053698952069064,0,0,TN
0.0027522093,4.853789728209448e-07,0.240245594809682,0.0809994298345771,0,0,TN
0.86590904,0.9079697484735613,0.36380051238965333,0.7125597669458091,1,0,FP
0.0019448124,2.126249299917938e-05,0.18997176603495922,0.06397928029730111,0,0,TN
0.0006186594,6.280072661960454e-08,0.03907505835790332,0.013231260194718932,0,0,TN
0.010448419,6.475900260054169e-07,0.30602966948241905,0.10549291187669631,0,0,TN
0.028877119,0.0006413739920120508,0.3416729756790546,0.12373048942448722,0,0,TN
0.08265353,0.002794665777119829,0.3408343502321517,0.14209418198376908,0,1,FN
0.01863216,3.281660717077553e-05,0.3841132611193707,0.13425941274207784,0,0,TN
0.07927309,0.0015954998183364546,0.2662752528497362,0.11571461414485834,0,1,FN
0.031974252,0.008325004265671081,0.3812340137022283,0.14051109009375828,0,0,TN
0.124643244,0.7685008337100685,0.47510851820254174,0.45608419858729593,1,0,FP
0.0010048476,1.7579940954442164e-07,0.3622062756154073,0.12107043299877172,0,0,TN
0.109952316,0.004003469450151762,0.6015650671427176,0.2385069507603342,1,0,FP
0.0016764099,1.288959662899786e-05,0.42882194006482893,0.14350374650533718,0,0,TN
0.00067929015,1.976798436190668e-08,0.16396779667219974,0.05488236886504431,0,0,TN
0.58932775,0.20641045922863568,0.7766555562784783,0.524131256032431,1,1,TP
0.0008512991,6.306485466215578e-08,0.22726967670895437,0.07604034628788477,0,0,TN
0.028656557,0.0039954495098204115,0.2931393433929264,0.10859711670169532,0,0,TN
0.08862253,0.00019171913016096233,0.40232328834201775,0.16371251341903917,0,0,TN
0.16226359,0.0033705361663688162,0.42829666147158074,0.1979769282517149,0,0,TN
0.0004067171,1.6432464138350704e-07,0.07962304667197669,0.026676642697458324,0,0,TN
0.008682296,3.0502880888729346e-06,0.3237629076135994,0.11081608452724478,0,0,TN
0.0004335829,6.726278474760396e-07,0.10216838291143739,0.03420087947971468,0,0,TN
0.08068632,9.480727884526533e-06,0.14697931503726933,0.07589170636995378,0,0,TN
0.50117546,0.9555684440648667,0.6977680558767355,0.718170654380406,1,1,TP
0.19518784,0.14507964229190928,0.2169079859747195,0.18572515505069367,0,0,TN
0.0017009263,2.046777452952356e-06,0.3769790508209989,0.12622734131256855,0,0,TN
0.0017128149,4.716474226706585e-05,0.48282474210861775,0.1615282405852114,0,0,TN
0.056008786,0.17885410462301565,0.5964056809549918,0.27708952384702196,1,0,FP
0.0024777974,1.4389496327717812e-06,0.4293890637306264,0.14395610004234388,0,0,TN
0.27453172,0.014156334372247475,0.5552127814311199,0.281300279290718,1,1,TP
0.015599698,0.0006709469167036052,0.25355544893285803,0.0899420312259515,0,0,TN
0.04494607,0.0002340304338691252,0.26960916438896654,0.10492975519444138,0,0,TN
0.00044960165,2.6752904628948954e-07,0.02773773218409223,0.009395867120427026,0,0,TN
0.02287539,0.000665169846432219,0.49303625637944715,0.17219227177003307,0,0,TN
0.05373496,0.009558289167496951,0.19308087701319399,0.08545804145084514,0,0,TN
0.0045759054,5.953795797414247e-07,0.18222028755589473,0.06226559610851942,0,0,TN
0.0107253175,6.683514366224966e-06,0.15283532031643635,0.054522440451228664,0,0,TN
0.0018922143,0.0011601548455824771,0.34053105041283166,0.11452780651671439,0,0,TN
0.24339402,0.00040726748093534174,0.3289474991454899,0.19091626128198955,0,0,TN
0.9096527,0.24373903508704242,0.6685613816271495,0.6073177088917098,1,0,FP
0.002085339,3.941748898682367e-06,0.1627673871442335,0.05495222264609475,0,0,TN
0.023276689,0.000522231615182786,0.2164308621401357,0.08007659409545322,0,0,TN
0.017872585,5.312212720189514e-05,0.530442628747848,0.1827894452862521,0,0,TN
0.0044172355,3.765953963477561e-07,0.4871277904441648,0.1638484675123155,0,0,TN
0.00049567485,9.078489983758218e-08,0.05606555243818265,0.018853772689459793,0,0,TN
0.8976273,0.9991904362924876,0.40166051257315577,0.7661594143097371,1,0,FP
0.9751966,0.9881354388376649,0.4600072551750832,0.8077797646576917,1,0,FP
0.0007925225,5.396028520488147e-07,0.0472245198514911,0.016005860653865726,0,0,TN
0.3647156,0.033106560945173384,0.45316304934280505,0.2836617387540586,1,1,TP
0.51557046,0.9915469821298541,0.5722465590423399,0.6931213343074082,1,0,FP
0.004190205,9.097409959833719e-06,0.13774342073866955,0.04731424109311849,0,0,TN
0.056287833,0.0026254765563223656,0.09035461141487512,0.04975597350978419,0,0,TN
0.24703677,0.004648786375001257,0.4737562234676547,0.24181392660960288,1,0,FP
0.003005,1.3118482902481367e-06,0.7817681181240604,0.26159147667883337,1,0,FP
0.0021110363,1.087079997870764e-06,0.08829729907398359,0.030136474161480988,0,0,TN
0.087682396,0.02570272621660647,0.385286658394595,0.1662239269282262,0,1,FN
0.008905187,0.00010215385149376842,0.05767802616426932,0.022228455754982248,0,0,TN
0.0011057851,3.028400503074522e-07,0.14647443001988403,0.04919350599899225,0,0,TN
0.034792818,0.0004277281988523711,0.34108561334967497,0.12543538655919667,0,0,TN
0.35784176,0.754359818662765,0.6541083878810543,0.5887699888213133,1,0,FP
0.00744549,7.419471104973633e-05,0.25075842809706833,0.08609270426528302,0,0,TN
0.00041186906,6.773698021010255e-08,0.08563054324821982,0.02868082668034146,0,0,TN
0.011011218,0.00018605170751997944,0.1674862317199087,0.05956116704941176,0,0,TN
0.0031819528,2.8421060298732863e-05,0.13068241005491477,0.0446309279551746,0,0,TN
0.7034216,0.9592127791493215,0.6254449945542261,0.7626931221386499,1,0,FP
0.021544695,0.01920942238662867,0.5974092035198773,0.2127211069356729,0,0,TN
0.0066612056,1.914273468911477e-05,0.127551728131549,0.04474402547291883,0,0,TN
0.14675866,0.5788454512319248,0.3722717823182254,0.36595863140808177,1,0,FP
0.0008681481,2.769948295812808e-08,0.2162726109813214,0.0723802622643361,0,0,TN
0.018962778,9.078432513415972e-05,0.5865580802761641,0.2018705475841112,0,0,TN
0.39448306,0.4244191509359758,0.3494211172370901,0.3894411092725883,1,0,FP
0.00394167,1.598877760662963e-05,0.30410123563701974,0.10268629815826137,0,0,TN
0.04403882,0.0007711837632841591,0.29918618685888143,0.11466539721131576,0,0,TN
0.5350145,0.5157364501773857,0.6834175891586003,0.57805618316357,1,0,FP
0.12144087,8.263694749386027e-05,0.43824655079722163,0.18659002009824208,0,0,TN
0.50499773,0.7025734764612729,0.2309110102636606,0.4794940723266868,1,0,FP
0.06224624,0.0010372930424700894,0.22909845960875388,0.09746066444222445,0,0,TN
0.00024165247,1.1391984695848112e-05,0.19571648699643523,0.06532317714896858,0,0,TN
0.0055187657,5.749282226664391e-06,0.1235294406329833,0.04301798518987495,0,0,TN
0.0085073365,2.4473769513002863e-05,0.0824010893310029,0.03031096653012405,0,0,TN
0.009222816,2.591166040616008e-07,0.3775401397774377,0.12892107154620688,0,0,TN
0.0023492342,3.539689457476556e-05,0.06267535734823701,0.021686662809641554,0,0,TN
0.24503198,0.0034472085209156615,0.6676837159096719,0.30538763569696037,1,0,FP
0.0057079038,1.9447524842343395e-05,0.08141485347725874,0.029047401589081017,0,0,TN
0.08058256,0.00843001983351651,0.35851345778931826,0.14917534557718962,0,0,TN
0.011918525,1.1893401648760234e-05,0.3902520417607955,0.13406082012465242,0,0,TN
0.08717388,0.01136019614142946,0.36896283925969187,0.1558323048492324,0,0,TN
0.0008637876,2.1855530191104615e-05,0.03404902802730641,0.011644890386399811,0,0,TN
0.56973183,0.01830929659555394,0.257780575268057,0.28194056780473636,1,0,FP
0.025089135,8.239128660936438e-06,0.4721333019450623,0.16574355882240785,0,0,TN
0.95829314,0.9809970930179367,0.6720755908562057,0.8704552746028941,1,0,FP
0.03251832,1.184246883228011e-05,0.34407920680955595,0.12553645635466107,0,1,FN
0.052739922,0.00048351096684294645,0.3775821981654309,0.14360187702984276,0,0,TN
0.005003122,6.930808606562365e-06,0.2729064239018319,0.09263882561920372,0,0,TN
0.4443128,0.021517558776559927,0.17850610357660668,0.21477882441699792,0,0,TN
0.0023999333,9.943262921513848e-06,0.11400534124652754,0.038805072600349405,0,0,TN
0.6712319,5.240153350587276e-05,0.7545400302201216,0.47527478574704857,1,0,FP
0.08516519,0.1683152727221534,0.15289243395495572,0.13545763146453108,0,0,TN
0.006755424,6.44279285881169e-06,0.25669266727991036,0.08781817809017746,0,0,TN
0.0019082295,2.3200914100802284e-06,0.665841254567409,0.22258393473545726,1,0,FP
0.08128878,0.006226687865496264,0.1145147972396176,0.06734342079896287,0,1,FN
0.00023813471,1.6823118411793421e-06,0.077694086619395,0.02597796788204246,0,0,TN
0.004075869,0.0006953157844622714,0.23052187061014692,0.0784310184603854,0,0,TN
0.38842016,0.9853697965845245,0.2928286222642319,0.5555395278112899,1,0,FP
0.17491941,0.0682628934726098,0.5558710493671916,0.26635111812661094,1,0,FP
0.052602075,0.007423985688740814,0.22078026164426023,0.09360210745778048,0,0,TN
0.13739517,0.011597900010961738,0.2930175752624676,0.14733688286155427,0,0,TN
0.0005750144,2.8504423671281807e-07,0.32309032895014594,0.10788854279481135,0,0,TN
0.01061453,0.0007610915786920544,0.2279720044147642,0.07978254205894371,0,0,TN
0.9129011,0.9997646915155256,0.35147823417309626,0.7547146763950577,1,0,FP
0.057590872,0.04276689013346479,0.2911209858702606,0.13049291601768567,0,0,TN
0.015516222,3.195840520369807e-05,0.30402435300390923,0.10652417795457347,0,0,TN
0.14031097,0.00015853529084170747,0.5569063935368441,0.23245863391889557,1,0,FP
0.30330557,0.16339805125795762,0.561900366350101,0.34286799463964707,1,0,FP
0.0011319326,4.500966341546375e-06,0.2647631281413287,0.08863318723602386,0,1,FN
0.0060987934,1.053620414563396e-06,0.26861740266291556,0.09157241654573851,0,0,TN
0.54635525,0.243241847101552,0.5953551399694808,0.4616507448561971,1,0,FP
0.020065397,0.0019407622342368926,0.41029332024375514,0.14409982650071557,0,0,TN
0.003659153,1.0494462870309847e-07,0.3828791264065355,0.1288461280808837,0,0,TN
0.021696452,0.00012607436760373822,0.2260476104618767,0.08262337896029386,0,0,TN
0.0004036106,2.1348093475760917e-07,0.03827703664647001,0.012893620246168793,0,0,TN
0.002136708,2.1210944814647614e-08,0.05252269461013625,0.018219807941827065,0,0,TN
0.9137086,0.9999884964297447,0.6883848923734005,0.8673606720090379,1,0,FP
0.0011181979,4.412204511173598e-08,0.2463193707200374,0.08247920425427156,0,0,TN
0.0025836932,0.0004095470460402953,0.2456806527934469,0.08289129769559188,0,0,TN
0.00073842925,1.1646745703364107e-06,0.05110420460528576,0.01728126617823611,0,0,TN
0.008720513,1.5232445052048314e-05,0.04263152891016903,0.017122424929479695,0,0,TN
0.0006053806,5.513028636042335e-07,0.29025782409211814,0.09695458534107991,0,0,TN
0.006517005,0.00434775480845318,0.11884520755161924,0.04323665583769093,0,0,TN
0.00024822276,4.047547372201498e-07,0.2132537911491801,0.07116747288709367,0,0,TN
0.09922305,0.0108649612238314,0.656195385890384,0.2554277982030346,1,0,FP
0.08918068,0.00015238793612272649,0.3679722746195491,0.15243511356162268,0,1,FN
0.98814046,0.9990311077250101,0.747786261414363,0.9116526109894713,1,0,FP
0.2636768,0.0013988017765212382,0.3947501078338249,0.21994190066451336,0,0,TN
0.27385345,0.011503100524842283,0.5574134196925042,0.2809233237436372,1,0,FP
0.0031214564,0.00037540796542951483,0.36716048991049993,0.12355245141336639,0,1,FN
0.004141177,3.7734912548362397e-07,0.4359189819250856,0.14668684544166014,0,0,TN
0.014322295,0.0019675631284425924,0.28232540483150526,0.09953842093785852,0,0,TN
0.004204341,9.192261431334342e-06,0.2879041259008144,0.09737255312422353,0,1,FN
0.83540064,0.8834396759819417,0.2756733397426768,0.6648378855630422,1,0,FP
0.10485729,0.0011016947918241645,0.12086512576849977,0.075608036287105,0,0,TN
0.053664397,0.09706674211333224,0.17718061518931222,0.10930391825031527,0,0,TN
0.039516114,9.893830532411397e-06,0.5718193660624757,0.20378179119716355,0,1,FN
0.00014773264,7.897696999503578e-08,0.38870709457012764,0.12961830206373556,0,0,TN
0.001255292,4.1079011872634334e-06,0.5196718522428169,0.17364375070792135,0,1,FN
0.011957132,6.11565085926209e-06,0.2765139117366873,0.09615905321502259,0,0,TN
0.049267244,0.0009673604807439698,0.1624690462874733,0.07090121678738283,0,0,TN
0.004333285,4.898827321507337e-07,0.44718669689414914,0.15050682397535606,0,0,TN
0.057310164,0.0009036714634868816,0.2873679527506925,0.11519392939631379,0,0,TN
0.0031879023,0.00011925399185645014,0.1275458929491055,0.043617683070903183,0,0,TN
0.1298078,0.0003236119742471671,0.522046457746673,0.2173926232584901,0,0,TN
0.013094204,0.000525814613144574,0.12410383542419876,0.0459079511946622,0,0,TN
0.00040962253,3.8581500866548795e-06,0.009307112510221255,0.0032401977304864367,0,0,TN
0.6012244,0.538275572567381,0.3262842549600747,0.4885947499940966,1,0,FP
0.22004473,0.0004771769297753913,0.6856144873206359,0.30204546544807415,1,0,FP
0.26429516,0.8754360431449176,0.2441334124512148,0.46128820545551624,1,0,FP
0.98477834,0.9316025714450681,0.4699798927081683,0.7954536029281437,1,0,FP
0.00056641176,1.249461321326762e-07,0.19046930021707928,0.06367861230888035,0,0,TN
0.022833591,2.7598164600519198e-05,0.5426632240432586,0.18850813784497678,0,0,TN
0.039435178,0.00013247057679810896,0.7440238438482354,0.2611971641554972,1,0,FP
0.1259639,0.0028294726379082618,0.1404128985256463,0.08973542255884659,0,0,TN
0.23094054,0.018363962746595575,0.2585554033112786,0.16928663390747753,0,1,FN
0.003226308,0.0002099212461790082,0.4399199904482167,0.14778540653788155,0,0,TN
0.006964946,0.002325832575854763,0.0516955437379616,0.020328774159832416,0,0,TN
0.005265106,5.004796894940467e-05,0.34825563575970386,0.11785692990334434,0,0,TN
0.7308193,0.4055345529091115,0.13549940216043735,0.42395107999515763,1,0,FP
0.066572756,0.003504030059937681,0.49487974800230844,0.18831884454580872,0,0,TN
0.37159523,0.45136236547906683,0.5912829519819681,0.4714135170466176,1,0,FP
0.10444041,0.002043318901131941,0.19266238458362062,0.09971537230006151,0,0,TN
0.0002800673,1.3271817738550155e-07,0.3888899466815619,0.12972338223175794,0,0,TN
0.22130616,0.0007162082653235741,0.1494042893433918,0.1238088859003564,0,0,TN
0.0013723968,5.819066691549117e-07,0.30769810638940354,0.10302369504187024,0,0,TN
0.0006810653,0.0002974267837401875,0.06787253429708769,0.022950342131603862,0,0,TN
0.7675789,0.9980500033522686,0.5788780962876537,0.7815023331667681,1,0,FP
0.0028064796,3.178766283717696e-05,0.2527445234319971,0.08519426355726979,0,0,TN
0.19779028,0.08757674929131153,0.6313851471488888,0.30558405880822487,1,0,FP
0.0058544464,0.0004190949996968457,0.5487937749416181,0.18502243879408334,0,0,TN
0.22285467,0.0010226505273467515,0.5887737170309679,0.2708836804735906,1,0,FP
0.0915596,0.0005863146912925656,0.3850011224517032,0.15904901116757517,0,0,TN
0.013169459,0.0002296039972300275,0.4231073333835768,0.14550213214936397,0,0,TN
0.34829465,0.27436390096413954,0.6130089794738144,0.4118891753286069,1,0,FP
0.6086748,0.9817704508251782,0.3485989579876237,0.6463480776835417,1,0,FP
0.04281845,5.6081668955721574e-05,0.13680821688759315,0.05989424933138904,0,0,TN
0.011185971,0.004019719189679113,0.18033233839799984,0.0651793428921288,0,0,TN
0.9031108,0.8786072592729445,0.6898371098237855,0.8238517237567815,1,0,FP
0.7788008,0.8749632416575335,0.48323669175025474,0.7123335729831076,1,0,FP
0.0763013,0.00017230004221838183,0.15844437982322776,0.07830599296699843,0,0,TN
0.00608533,3.908797359676553e-06,0.2427804668010576,0.08295656858438802,0,0,TN
0.08081053,0.003288317143287642,0.5926948868844267,0.22559791200051774,1,0,FP
0.03619087,0.016529002135460123,0.16270405893184275,0.07180797740553481,0,0,TN
0.0011138513,2.8476011562773254e-06,0.09699896562566243,0.03270522151622662,0,0,TN
0.0023497662,7.048399103573828e-06,0.12547937578336354,0.04261206346220025,0,0,TN
0.99031395,0.9988790392497289,0.6549699594144163,0.8813876486216401,1,0,FP
0.0016077728,6.409681730403734e-06,0.04902107111647481,0.016878417858664518,0,0,TN
0.01726591,0.002647077601380964,0.2873064364150976,0.1024064747664032,0,0,TN
0.015851334,1.829153977912376e-05,0.16731460022893566,0.061061408502029374,0,0,TN
0.00061876676,5.440070383767948e-07,0.09667534407255816,0.03243155161335004,0,0,TN
0.009142279,0.00025680179308873956,0.4691330250624904,0.15951070184973185,0,0,TN
0.0013674586,8.542253176106909e-07,0.06933452436320363,0.023567612398840903,0,0,TN
0.13876668,0.0009875115806235652,0.5655061242767974,0.2350867706816454,1,0,FP
0.0013770852,2.229589294939319e-06,0.06873412204458353,0.02337114561922415,0,0,TN
0.0030546219,6.662986291621338e-05,0.22976191138872906,0.0776277210379643,0,0,TN
0.0019178486,8.489811635069957e-07,0.1750432135353905,0.05898730370430113,0,0,TN
0.04391104,0.0019832239666027892,0.3586490957247338,0.13484778650686358,0,0,TN
0.62510717,0.1624182325941355,0.501943035206339,0.4298228123172602,1,0,FP
0.0012282039,6.958125039025371e-08,0.05538846951177954,0.018872247657876855,0,0,TN
0.808206,0.9598663046653153,0.5064776897800117,0.7581833387436877,1,1,TP
0.00079824566,1.778208969207274e-08,0.12851442228816323,0.04310422857645032,0,0,TN
0.015345336,0.00048286662520252173,0.34803385279600785,0.1212873517864156,0,0,TN
0.3576514,0.1523305766326132,0.8034960796541205,0.4378260229245879,1,1,TP
0.94073445,0.9997773106560494,0.8326077464960319,0.9243731677336059,1,1,TP
0.0033070242,1.637777360597562e-05,0.19081069004566198,0.06471136402302498,0,0,TN
0.39345407,0.12002256282127612,0.2664550589430638,0.25997723220798635,1,0,FP
0.15689135,0.0018595899965810204,0.508403316661459,0.22238475087860773,1,0,FP
0.0030210242,6.83845877421923e-06,0.05887633518198803,0.02063473260276665,0,0,TN
0.5359177,0.6096643995412315,0.23899941963140342,0.4615271728365469,1,0,FP
0.02206394,0.00010789000473428462,0.24349849436247714,0.08855677504356164,0,0,TN
0.011621333,0.0014018206225247301,0.05112470096843219,0.021382618106109853,0,0,TN
0.0032310837,3.4297587583734896e-07,0.0636570612664316,0.02229616266123967,0,0,TN
0.6367726,0.35152474721402893,0.4690046278920483,0.4857673160334364,1,1,TP
0.021822972,1.483386478174672e-06,0.5849218090334118,0.20224875488101757,0,0,TN
0.041891243,0.007465664501576602,0.1513774104740208,0.06691143942812666,0,0,TN
0.12688541,0.0009372586463598769,0.17041185647159204,0.09941150974716235,0,0,TN
0.0008031226,1.2715534609758223e-07,0.09495814773926119,0.03192046582752498,0,1,FN
0.0041395864,4.244044186530126e-05,0.186187170394596,0.06345639906275773,0,0,TN
0.7297871,0.6334196791342159,0.20752085036752382,0.5235758802613628,1,0,FP
0.0031497185,0.0005260114212121088,0.12138835152776743,0.041688027153609725,0,0,TN
0.096745975,0.01013311902626524,0.4696234617304313,0.1921675186907558,0,0,TN
0.004060257,7.217290401531216e-07,0.0633281552450009,0.022463044733423258,0,0,TN
0.268342,0.00209071812112534,0.46887909184021814,0.24643726609548752,1,0,FP
0.00033392024,3.3053009834765823e-07,0.1090006123994243,0.03644495438904363,0,0,TN
0.00525167,3.3728261948340865e-06,0.24267864518289345,0.08264456259989468,0,0,TN
0.5175485,0.5483225525302591,0.5738105917584656,0.5465605485934238,1,0,FP
0.051449697,0.0017200778609083203,0.41752435874911065,0.1568980446915745,0,0,TN
0.0007641868,4.776940364363252e-06,0.1566147941742288,0.052461252633227956,0,0,TN
0.026015496,3.6794951738443284e-08,0.052696363557772186,0.026237298744720725,0,0,TN
0.018396059,0.00010252948006062802,0.20727500172004942,0.07525786341708869,0,0,TN
0.81682533,0.6735318423503455,0.48124973174369845,0.6572023014504866,1,0,FP
0.019643642,0.00021855722235711222,0.3170818030635226,0.11231466743139477,0,0,TN
0.00021687217,4.7936564253394806e-09,0.2659904338023414,0.08873577025513373,0,0,TN
0.44424173,0.9809390686480713,0.6549133353957857,0.6933647121342631,1,0,FP
0.014861834,0.00041857475705709546,0.07434802902610847,0.029876146006218313,0,0,TN
0.110408425,0.013767340182553323,0.20055019866830354,0.10824198806065753,0,0,TN
0.053909954,0.0001309942404771956,0.2808856829753036,0.1116422102997985,0,0,TN
0.004255205,2.3546462881310315e-08,0.3922990534792849,0.13218476065097468,0,0,TN
0.0051439283,0.00011397349729887531,0.14193012644125644,0.04906267609337428,0,0,TN
0.0023880873,4.865113474269675e-07,0.1650802226908449,0.05582293217876789,0,0,TN
0.07080415,0.0004062979073839226,0.2696060266298857,0.11360549114989982,0,0,TN
0.00049836864,4.926260313000835e-07,0.1285482767322841,0.043015712665317236,0,0,TN
0.09753993,0.10755739315758667,0.26118533722543413,0.15542755397291388,0,1,FN
0.11821508,0.00588546256484125,0.5508016741355697,0.22496740444191934,1,0,FP
0.016278522,3.897226505909429e-05,0.21494342392509064,0.07708697275975782,0,1,FN
0.10411897,0.0006829778785356721,0.5,0.20160065029842486,0,0,TN
0.8832189,0.7524431895247305,0.374250135238702,0.6699707364105038,1,1,TP
0.26071343,0.0020325844177798507,0.3810753453608775,0.21460711934585108,0,0,TN
0.98385656,0.9999582358715536,0.9124632641993771,0.9654260196235581,1,0,FP
0.35574827,0.5841147356846713,0.6646334893012543,0.5348321636558666,1,0,FP
0.05671345,0.05869635392372888,0.7300569776287665,0.28182226075084665,1,0,FP
0.6302095,0.32413885829263944,0.10773695296287117,0.35402843893784147,1,0,FP
0.3479667,0.9505193298848996,0.39723996438777665,0.5652419983549963,1,0,FP
0.012352308,8.72141452895566e-07,0.29354590842654377,0.10196636294213697,0,0,TN
0.12525225,0.0018568002464933262,0.14787210416219437,0.09166038375512571,0,0,TN
0.0020532706,0.02447816902154196,0.44609090364053855,0.15754078108139674,0,0,TN
0.012382176,5.4788314545603266e-05,0.10717049929224919,0.03986915446005899,0,0,TN
0.16189715,0.05704276106614411,0.2888109402399659,0.1692502846561291,0,1,FN
0.04956771,0.0004426133448319636,0.14226466064516716,0.06409166153274769,0,0,TN
0.8773202,0.9970993098039015,0.5607288635830927,0.811716114596507,1,0,FP
0.71514857,0.3824864404070029,0.4700400463488514,0.522558351636412,1,1,TP
0.05487301,9.649654519427601e-06,0.5013653975369637,0.18541601849082523,0,0,TN
0.34910762,0.003914839786747417,0.6842387632642781,0.34575374205043546,1,0,FP
0.029830538,0.10638025035493219,0.8474919396056027,0.3279009092323169,1,0,FP
0.47002074,0.011990690409071598,0.46834148017275024,0.3167843039353702,1,0,FP
0.0009521487,2.941671173817115e-06,0.20924351324885515,0.07006620120454755,0,0,TN
6.831947e-05,8.344855939263906e-08,0.017741579065131213,0.005936660660118043,0,0,TN
0.07733744,0.05785486267635322,0.43735817066917065,0.19085015657450868,0,0,TN
0.0017767925,8.9305053941257e-06,0.2259479910727164,0.07591123801212303,0,0,TN
0.79140246,0.9985152249427559,0.6314798987307021,0.8071325276060167,1,0,FP
0.004120799,1.4284922201170806e-05,0.4116022151466252,0.1385790996167802,0,0,TN
0.029650392,7.320900475131653e-06,0.17883613425351078,0.0694979490549313,0,0,TN
0.7637722,0.981816439732517,0.6096551308821659,0.7850812534106133,1,1,TP
0.076883726,0.0006426192061243293,0.4441776664181547,0.1739013371487503,0,0,TN
0.25935382,0.1574427305429636,0.8161100232750883,0.4109688567757663,1,0,FP
0.014880017,2.6012069176111302e-06,0.5562942348758156,0.19039228448672316,0,0,TN
0.92583895,0.9884332948901267,0.4740137625232744,0.7960953349031813,1,0,FP
0.0007322835,4.1026987230288815e-06,0.03781622321134369,0.012850869808485576,0,0,TN
