,요일,방문 시간대,방문자 집중률,지역구,방문자수,시간별방문자수
0,일요일,00~06시,0.013000000000000001,강서구,3079993.0,40039.90900000001
1,일요일,06~11시,0.031,강서구,3079993.0,95479.783
2,일요일,11~14시,0.034,강서구,3079993.0,104719.762
3,일요일,14~18시,0.046,강서구,3079993.0,141679.67799999999
4,일요일,18~21시,0.022000000000000002,강서구,3079993.0,67759.846
5,일요일,21~24시,0.01,강서구,3079993.0,30799.93
6,월요일,00~06시,0.009000000000000001,강서구,3079993.0,27719.937
7,월요일,06~11시,0.035,강서구,3079993.0,107799.755
8,월요일,11~14시,0.026000000000000002,강서구,3079993.0,80079.81800000001
9,월요일,14~18시,0.035,강서구,3079993.0,107799.755
10,월요일,18~21시,0.016,강서구,3079993.0,49279.888
11,월요일,21~24시,0.006999999999999999,강서구,3079993.0,21559.950999999997
12,화요일,00~06시,0.009000000000000001,강서구,3079993.0,27719.937
13,화요일,06~11시,0.036000000000000004,강서구,3079993.0,110879.748
14,화요일,11~14시,0.026000000000000002,강서구,3079993.0,80079.81800000001
15,화요일,14~18시,0.035,강서구,3079993.0,107799.755
16,화요일,18~21시,0.017,강서구,3079993.0,52359.881
17,화요일,21~24시,0.008,강서구,3079993.0,24639.944
18,수요일,00~06시,0.01,강서구,3079993.0,30799.93
19,수요일,06~11시,0.037000000000000005,강서구,3079993.0,113959.74100000001
20,수요일,11~14시,0.026000000000000002,강서구,3079993.0,80079.81800000001
21,수요일,14~18시,0.036000000000000004,강서구,3079993.0,110879.748
22,수요일,18~21시,0.017,강서구,3079993.0,52359.881
23,수요일,21~24시,0.008,강서구,3079993.0,24639.944
24,목요일,00~06시,0.009000000000000001,강서구,3079993.0,27719.937
25,목요일,06~11시,0.037000000000000005,강서구,3079993.0,113959.74100000001
26,목요일,11~14시,0.026000000000000002,강서구,3079993.0,80079.81800000001
27,목요일,14~18시,0.035,강서구,3079993.0,107799.755
28,목요일,18~21시,0.017,강서구,3079993.0,52359.881
29,목요일,21~24시,0.008,강서구,3079993.0,24639.944
30,금요일,00~06시,0.01,강서구,3079993.0,30799.93
31,금요일,06~11시,0.04,강서구,3079993.0,123199.72
32,금요일,11~14시,0.028999999999999998,강서구,3079993.0,89319.79699999999
33,금요일,14~18시,0.040999999999999995,강서구,3079993.0,126279.71299999999
34,금요일,18~21시,0.022000000000000002,강서구,3079993.0,67759.846
35,금요일,21~24시,0.011000000000000001,강서구,3079993.0,33879.923
36,토요일,00~06시,0.012,강서구,3079993.0,36959.916
37,토요일,06~11시,0.037000000000000005,강서구,3079993.0,113959.74100000001
38,토요일,11~14시,0.035,강서구,3079993.0,107799.755
39,토요일,14~18시,0.047,강서구,3079993.0,144759.671
40,토요일,18~21시,0.023,강서구,3079993.0,70839.83899999999
41,토요일,21~24시,0.012,강서구,3079993.0,36959.916
0,일요일,00~06시,0.018000000000000002,금정구,2303101.0,41455.81800000001
1,일요일,06~11시,0.03,금정구,2303101.0,69093.03
2,일요일,11~14시,0.035,금정구,2303101.0,80608.535
3,일요일,14~18시,0.046,금정구,2303101.0,105942.646
4,일요일,18~21시,0.022000000000000002,금정구,2303101.0,50668.222
5,일요일,21~24시,0.011000000000000001,금정구,2303101.0,25334.111
6,월요일,00~06시,0.013000000000000001,금정구,2303101.0,29940.313000000002
7,월요일,06~11시,0.03,금정구,2303101.0,69093.03
8,월요일,11~14시,0.024,금정구,2303101.0,55274.424
9,월요일,14~18시,0.032,금정구,2303101.0,73699.232
10,월요일,18~21시,0.018000000000000002,금정구,2303101.0,41455.81800000001
11,월요일,21~24시,0.01,금정구,2303101.0,23031.010000000002
12,화요일,00~06시,0.013000000000000001,금정구,2303101.0,29940.313000000002
13,화요일,06~11시,0.031,금정구,2303101.0,71396.131
14,화요일,11~14시,0.024,금정구,2303101.0,55274.424
15,화요일,14~18시,0.033,금정구,2303101.0,76002.333
16,화요일,18~21시,0.019,금정구,2303101.0,43758.919
17,화요일,21~24시,0.01,금정구,2303101.0,23031.010000000002
18,수요일,00~06시,0.013000000000000001,금정구,2303101.0,29940.313000000002
19,수요일,06~11시,0.031,금정구,2303101.0,71396.131
20,수요일,11~14시,0.025,금정구,2303101.0,57577.525
21,수요일,14~18시,0.033,금정구,2303101.0,76002.333
22,수요일,18~21시,0.019,금정구,2303101.0,43758.919
23,수요일,21~24시,0.011000000000000001,금정구,2303101.0,25334.111
24,목요일,00~06시,0.013000000000000001,금정구,2303101.0,29940.313000000002
25,목요일,06~11시,0.031,금정구,2303101.0,71396.131
26,목요일,11~14시,0.025,금정구,2303101.0,57577.525
27,목요일,14~18시,0.033,금정구,2303101.0,76002.333
28,목요일,18~21시,0.019,금정구,2303101.0,43758.919
29,목요일,21~24시,0.011000000000000001,금정구,2303101.0,25334.111
30,금요일,00~06시,0.013000000000000001,금정구,2303101.0,29940.313000000002
31,금요일,06~11시,0.032,금정구,2303101.0,73699.232
32,금요일,11~14시,0.026000000000000002,금정구,2303101.0,59880.626000000004
33,금요일,14~18시,0.036000000000000004,금정구,2303101.0,82911.63600000001
34,금요일,18~21시,0.022000000000000002,금정구,2303101.0,50668.222
35,금요일,21~24시,0.013999999999999999,금정구,2303101.0,32243.413999999997
36,토요일,00~06시,0.017,금정구,2303101.0,39152.717000000004
37,토요일,06~11시,0.033,금정구,2303101.0,76002.333
38,토요일,11~14시,0.035,금정구,2303101.0,80608.535
39,토요일,14~18시,0.048,금정구,2303101.0,110548.848
40,토요일,18~21시,0.026000000000000002,금정구,2303101.0,59880.626000000004
41,토요일,21~24시,0.016,금정구,2303101.0,36849.616
0,일요일,00~06시,0.02,기장군,3275110.0,65502.200000000004
1,일요일,06~11시,0.034,기장군,3275110.0,111353.74
2,일요일,11~14시,0.051,기장군,3275110.0,167030.61
3,일요일,14~18시,0.071,기장군,3275110.0,232532.80999999997
4,일요일,18~21시,0.027000000000000003,기장군,3275110.0,88427.97000000002
5,일요일,21~24시,0.011000000000000001,기장군,3275110.0,36026.21000000001
6,월요일,00~06시,0.011000000000000001,기장군,3275110.0,36026.21000000001
7,월요일,06~11시,0.025,기장군,3275110.0,81877.75
8,월요일,11~14시,0.026000000000000002,기장군,3275110.0,85152.86
9,월요일,14~18시,0.034,기장군,3275110.0,111353.74
10,월요일,18~21시,0.015,기장군,3275110.0,49126.65
11,월요일,21~24시,0.006999999999999999,기장군,3275110.0,22925.769999999997
12,화요일,00~06시,0.01,기장군,3275110.0,32751.100000000002
13,화요일,06~11시,0.025,기장군,3275110.0,81877.75
14,화요일,11~14시,0.024,기장군,3275110.0,78602.64
15,화요일,14~18시,0.031,기장군,3275110.0,101528.41
16,화요일,18~21시,0.013999999999999999,기장군,3275110.0,45851.53999999999
17,화요일,21~24시,0.006999999999999999,기장군,3275110.0,22925.769999999997
18,수요일,00~06시,0.01,기장군,3275110.0,32751.100000000002
19,수요일,06~11시,0.025,기장군,3275110.0,81877.75
20,수요일,11~14시,0.024,기장군,3275110.0,78602.64
21,수요일,14~18시,0.032,기장군,3275110.0,104803.52
22,수요일,18~21시,0.015,기장군,3275110.0,49126.65
23,수요일,21~24시,0.006999999999999999,기장군,3275110.0,22925.769999999997
24,목요일,00~06시,0.009000000000000001,기장군,3275110.0,29475.990000000005
25,목요일,06~11시,0.025,기장군,3275110.0,81877.75
26,목요일,11~14시,0.024,기장군,3275110.0,78602.64
27,목요일,14~18시,0.031,기장군,3275110.0,101528.41
28,목요일,18~21시,0.015,기장군,3275110.0,49126.65
29,목요일,21~24시,0.006999999999999999,기장군,3275110.0,22925.769999999997
30,금요일,00~06시,0.01,기장군,3275110.0,32751.100000000002
31,금요일,06~11시,0.026000000000000002,기장군,3275110.0,85152.86
32,금요일,11~14시,0.026000000000000002,기장군,3275110.0,85152.86
33,금요일,14~18시,0.036000000000000004,기장군,3275110.0,117903.96000000002
34,금요일,18~21시,0.019,기장군,3275110.0,62227.09
35,금요일,21~24시,0.01,기장군,3275110.0,32751.100000000002
36,토요일,00~06시,0.016,기장군,3275110.0,52401.76
37,토요일,06~11시,0.033,기장군,3275110.0,108078.63
38,토요일,11~14시,0.044000000000000004,기장군,3275110.0,144104.84000000003
39,토요일,14~18시,0.067,기장군,3275110.0,219432.37000000002
40,토요일,18~21시,0.032,기장군,3275110.0,104803.52
41,토요일,21~24시,0.016,기장군,3275110.0,52401.76
0,일요일,00~06시,0.021,남구,2422861.0,50880.081000000006
1,일요일,06~11시,0.026000000000000002,남구,2422861.0,62994.386000000006
2,일요일,11~14시,0.026000000000000002,남구,2422861.0,62994.386000000006
3,일요일,14~18시,0.035,남구,2422861.0,84800.13500000001
4,일요일,18~21시,0.02,남구,2422861.0,48457.22
5,일요일,21~24시,0.012,남구,2422861.0,29074.332000000002
6,월요일,00~06시,0.016,남구,2422861.0,38765.776
7,월요일,06~11시,0.028999999999999998,남구,2422861.0,70262.969
8,월요일,11~14시,0.024,남구,2422861.0,58148.664000000004
9,월요일,14~18시,0.032,남구,2422861.0,77531.552
10,월요일,18~21시,0.019,남구,2422861.0,46034.359
11,월요일,21~24시,0.012,남구,2422861.0,29074.332000000002
12,화요일,00~06시,0.015,남구,2422861.0,36342.915
13,화요일,06~11시,0.03,남구,2422861.0,72685.83
14,화요일,11~14시,0.025,남구,2422861.0,60571.525
15,화요일,14~18시,0.033,남구,2422861.0,79954.413
16,화요일,18~21시,0.02,남구,2422861.0,48457.22
17,화요일,21~24시,0.013000000000000001,남구,2422861.0,31497.193000000003
18,수요일,00~06시,0.015,남구,2422861.0,36342.915
19,수요일,06~11시,0.03,남구,2422861.0,72685.83
20,수요일,11~14시,0.025,남구,2422861.0,60571.525
21,수요일,14~18시,0.034,남구,2422861.0,82377.274
22,수요일,18~21시,0.02,남구,2422861.0,48457.22
23,수요일,21~24시,0.013000000000000001,남구,2422861.0,31497.193000000003
24,목요일,00~06시,0.015,남구,2422861.0,36342.915
25,목요일,06~11시,0.03,남구,2422861.0,72685.83
26,목요일,11~14시,0.025,남구,2422861.0,60571.525
27,목요일,14~18시,0.034,남구,2422861.0,82377.274
28,목요일,18~21시,0.02,남구,2422861.0,48457.22
29,목요일,21~24시,0.013000000000000001,남구,2422861.0,31497.193000000003
30,금요일,00~06시,0.016,남구,2422861.0,38765.776
31,금요일,06~11시,0.031,남구,2422861.0,75108.691
32,금요일,11~14시,0.026000000000000002,남구,2422861.0,62994.386000000006
33,금요일,14~18시,0.036000000000000004,남구,2422861.0,87222.99600000001
34,금요일,18~21시,0.023,남구,2422861.0,55725.803
35,금요일,21~24시,0.016,남구,2422861.0,38765.776
36,토요일,00~06시,0.021,남구,2422861.0,50880.081000000006
37,토요일,06~11시,0.031,남구,2422861.0,75108.691
38,토요일,11~14시,0.031,남구,2422861.0,75108.691
39,토요일,14~18시,0.042,남구,2422861.0,101760.16200000001
40,토요일,18~21시,0.027000000000000003,남구,2422861.0,65417.24700000001
41,토요일,21~24시,0.019,남구,2422861.0,46034.359
0,일요일,00~06시,0.018000000000000002,동구,2689323.0,48407.814000000006
1,일요일,06~11시,0.027000000000000003,동구,2689323.0,72611.721
2,일요일,11~14시,0.027999999999999997,동구,2689323.0,75301.044
3,일요일,14~18시,0.037000000000000005,동구,2689323.0,99504.95100000002
4,일요일,18~21시,0.022000000000000002,동구,2689323.0,59165.10600000001
5,일요일,21~24시,0.012,동구,2689323.0,32271.876
6,월요일,00~06시,0.012,동구,2689323.0,32271.876
7,월요일,06~11시,0.032,동구,2689323.0,86058.336
8,월요일,11~14시,0.026000000000000002,동구,2689323.0,69922.398
9,월요일,14~18시,0.034,동구,2689323.0,91436.982
10,월요일,18~21시,0.019,동구,2689323.0,51097.136999999995
11,월요일,21~24시,0.01,동구,2689323.0,26893.23
12,화요일,00~06시,0.011000000000000001,동구,2689323.0,29582.553000000004
13,화요일,06~11시,0.031,동구,2689323.0,83369.013
14,화요일,11~14시,0.026000000000000002,동구,2689323.0,69922.398
15,화요일,14~18시,0.033,동구,2689323.0,88747.659
16,화요일,18~21시,0.019,동구,2689323.0,51097.136999999995
17,화요일,21~24시,0.011000000000000001,동구,2689323.0,29582.553000000004
18,수요일,00~06시,0.011000000000000001,동구,2689323.0,29582.553000000004
19,수요일,06~11시,0.031,동구,2689323.0,83369.013
20,수요일,11~14시,0.026000000000000002,동구,2689323.0,69922.398
21,수요일,14~18시,0.034,동구,2689323.0,91436.982
22,수요일,18~21시,0.019,동구,2689323.0,51097.136999999995
23,수요일,21~24시,0.011000000000000001,동구,2689323.0,29582.553000000004
24,목요일,00~06시,0.011000000000000001,동구,2689323.0,29582.553000000004
25,목요일,06~11시,0.032,동구,2689323.0,86058.336
26,목요일,11~14시,0.027000000000000003,동구,2689323.0,72611.721
27,목요일,14~18시,0.034,동구,2689323.0,91436.982
28,목요일,18~21시,0.02,동구,2689323.0,53786.46
29,목요일,21~24시,0.011000000000000001,동구,2689323.0,29582.553000000004
30,금요일,00~06시,0.012,동구,2689323.0,32271.876
31,금요일,06~11시,0.035,동구,2689323.0,94126.30500000001
32,금요일,11~14시,0.03,동구,2689323.0,80679.69
33,금요일,14~18시,0.04,동구,2689323.0,107572.92
34,금요일,18~21시,0.024,동구,2689323.0,64543.752
35,금요일,21~24시,0.015,동구,2689323.0,40339.845
36,토요일,00~06시,0.017,동구,2689323.0,45718.491
37,토요일,06~11시,0.033,동구,2689323.0,88747.659
38,토요일,11~14시,0.033,동구,2689323.0,88747.659
39,토요일,14~18시,0.044000000000000004,동구,2689323.0,118330.21200000001
40,토요일,18~21시,0.025,동구,2689323.0,67233.075
41,토요일,21~24시,0.017,동구,2689323.0,45718.491
0,일요일,00~06시,0.02,동래구,3023819.0,60476.380000000005
1,일요일,06~11시,0.027000000000000003,동래구,3023819.0,81643.11300000001
2,일요일,11~14시,0.027999999999999997,동래구,3023819.0,84666.93199999999
3,일요일,14~18시,0.038,동래구,3023819.0,114905.122
4,일요일,18~21시,0.022000000000000002,동래구,3023819.0,66524.01800000001
5,일요일,21~24시,0.013000000000000001,동래구,3023819.0,39309.647000000004
6,월요일,00~06시,0.013000000000000001,동래구,3023819.0,39309.647000000004
7,월요일,06~11시,0.03,동래구,3023819.0,90714.56999999999
8,월요일,11~14시,0.022000000000000002,동래구,3023819.0,66524.01800000001
9,월요일,14~18시,0.031,동래구,3023819.0,93738.389
10,월요일,18~21시,0.02,동래구,3023819.0,60476.380000000005
11,월요일,21~24시,0.012,동래구,3023819.0,36285.828
12,화요일,00~06시,0.013000000000000001,동래구,3023819.0,39309.647000000004
13,화요일,06~11시,0.031,동래구,3023819.0,93738.389
14,화요일,11~14시,0.022000000000000002,동래구,3023819.0,66524.01800000001
15,화요일,14~18시,0.032,동래구,3023819.0,96762.208
16,화요일,18~21시,0.021,동래구,3023819.0,63500.199
17,화요일,21~24시,0.013000000000000001,동래구,3023819.0,39309.647000000004
18,수요일,00~06시,0.013000000000000001,동래구,3023819.0,39309.647000000004
19,수요일,06~11시,0.031,동래구,3023819.0,93738.389
20,수요일,11~14시,0.022000000000000002,동래구,3023819.0,66524.01800000001
21,수요일,14~18시,0.032,동래구,3023819.0,96762.208
22,수요일,18~21시,0.021,동래구,3023819.0,63500.199
23,수요일,21~24시,0.013000000000000001,동래구,3023819.0,39309.647000000004
24,목요일,00~06시,0.013000000000000001,동래구,3023819.0,39309.647000000004
25,목요일,06~11시,0.031,동래구,3023819.0,93738.389
26,목요일,11~14시,0.022000000000000002,동래구,3023819.0,66524.01800000001
27,목요일,14~18시,0.032,동래구,3023819.0,96762.208
28,목요일,18~21시,0.021,동래구,3023819.0,63500.199
29,목요일,21~24시,0.013000000000000001,동래구,3023819.0,39309.647000000004
30,금요일,00~06시,0.013999999999999999,동래구,3023819.0,42333.46599999999
31,금요일,06~11시,0.033,동래구,3023819.0,99786.027
32,금요일,11~14시,0.024,동래구,3023819.0,72571.656
33,금요일,14~18시,0.036000000000000004,동래구,3023819.0,108857.48400000001
34,금요일,18~21시,0.026000000000000002,동래구,3023819.0,78619.29400000001
35,금요일,21~24시,0.017,동래구,3023819.0,51404.923
36,토요일,00~06시,0.019,동래구,3023819.0,57452.561
37,토요일,06~11시,0.034,동래구,3023819.0,102809.846
38,토요일,11~14시,0.033,동래구,3023819.0,99786.027
39,토요일,14~18시,0.045,동래구,3023819.0,136071.85499999998
40,토요일,18~21시,0.03,동래구,3023819.0,90714.56999999999
41,토요일,21~24시,0.02,동래구,3023819.0,60476.380000000005
0,일요일,00~06시,0.024,부산진구,6142012.0,147408.288
1,일요일,06~11시,0.024,부산진구,6142012.0,147408.288
2,일요일,11~14시,0.026000000000000002,부산진구,6142012.0,159692.312
3,일요일,14~18시,0.037000000000000005,부산진구,6142012.0,227254.44400000002
4,일요일,18~21시,0.021,부산진구,6142012.0,128982.25200000001
5,일요일,21~24시,0.013000000000000001,부산진구,6142012.0,79846.156
6,월요일,00~06시,0.015,부산진구,6142012.0,92130.18
7,월요일,06~11시,0.026000000000000002,부산진구,6142012.0,159692.312
8,월요일,11~14시,0.024,부산진구,6142012.0,147408.288
9,월요일,14~18시,0.032,부산진구,6142012.0,196544.384
10,월요일,18~21시,0.019,부산진구,6142012.0,116698.228
11,월요일,21~24시,0.012,부산진구,6142012.0,73704.144
12,화요일,00~06시,0.013999999999999999,부산진구,6142012.0,85988.16799999999
13,화요일,06~11시,0.026000000000000002,부산진구,6142012.0,159692.312
14,화요일,11~14시,0.024,부산진구,6142012.0,147408.288
15,화요일,14~18시,0.033,부산진구,6142012.0,202686.396
16,화요일,18~21시,0.02,부산진구,6142012.0,122840.24
17,화요일,21~24시,0.012,부산진구,6142012.0,73704.144
18,수요일,00~06시,0.013999999999999999,부산진구,6142012.0,85988.16799999999
19,수요일,06~11시,0.026000000000000002,부산진구,6142012.0,159692.312
20,수요일,11~14시,0.024,부산진구,6142012.0,147408.288
21,수요일,14~18시,0.033,부산진구,6142012.0,202686.396
22,수요일,18~21시,0.021,부산진구,6142012.0,128982.25200000001
23,수요일,21~24시,0.013000000000000001,부산진구,6142012.0,79846.156
24,목요일,00~06시,0.013999999999999999,부산진구,6142012.0,85988.16799999999
25,목요일,06~11시,0.026000000000000002,부산진구,6142012.0,159692.312
26,목요일,11~14시,0.024,부산진구,6142012.0,147408.288
27,목요일,14~18시,0.033,부산진구,6142012.0,202686.396
28,목요일,18~21시,0.021,부산진구,6142012.0,128982.25200000001
29,목요일,21~24시,0.013000000000000001,부산진구,6142012.0,79846.156
30,금요일,00~06시,0.016,부산진구,6142012.0,98272.192
31,금요일,06~11시,0.027999999999999997,부산진구,6142012.0,171976.33599999998
32,금요일,11~14시,0.026000000000000002,부산진구,6142012.0,159692.312
33,금요일,14~18시,0.036000000000000004,부산진구,6142012.0,221112.43200000003
34,금요일,18~21시,0.025,부산진구,6142012.0,153550.30000000002
35,금요일,21~24시,0.018000000000000002,부산진구,6142012.0,110556.21600000001
36,토요일,00~06시,0.022000000000000002,부산진구,6142012.0,135124.26400000002
37,토요일,06~11시,0.03,부산진구,6142012.0,184260.36
38,토요일,11~14시,0.034,부산진구,6142012.0,208828.40800000002
39,토요일,14~18시,0.049,부산진구,6142012.0,300958.588
40,토요일,18~21시,0.031,부산진구,6142012.0,190402.372
41,토요일,21~24시,0.022000000000000002,부산진구,6142012.0,135124.26400000002
0,일요일,00~06시,0.02,북구,1963672.0,39273.44
1,일요일,06~11시,0.031,북구,1963672.0,60873.832
2,일요일,11~14시,0.03,북구,1963672.0,58910.159999999996
3,일요일,14~18시,0.040999999999999995,북구,1963672.0,80510.552
4,일요일,18~21시,0.022000000000000002,북구,1963672.0,43200.78400000001
5,일요일,21~24시,0.012,북구,1963672.0,23564.064000000002
6,월요일,00~06시,0.013999999999999999,북구,1963672.0,27491.407999999996
7,월요일,06~11시,0.031,북구,1963672.0,60873.832
8,월요일,11~14시,0.022000000000000002,북구,1963672.0,43200.78400000001
9,월요일,14~18시,0.031,북구,1963672.0,60873.832
10,월요일,18~21시,0.018000000000000002,북구,1963672.0,35346.096000000005
11,월요일,21~24시,0.01,북구,1963672.0,19636.72
12,화요일,00~06시,0.013999999999999999,북구,1963672.0,27491.407999999996
13,화요일,06~11시,0.032,북구,1963672.0,62837.504
14,화요일,11~14시,0.023,북구,1963672.0,45164.456
15,화요일,14~18시,0.032,북구,1963672.0,62837.504
16,화요일,18~21시,0.019,북구,1963672.0,37309.768
17,화요일,21~24시,0.011000000000000001,북구,1963672.0,21600.392000000003
18,수요일,00~06시,0.013999999999999999,북구,1963672.0,27491.407999999996
19,수요일,06~11시,0.031,북구,1963672.0,60873.832
20,수요일,11~14시,0.022000000000000002,북구,1963672.0,43200.78400000001
21,수요일,14~18시,0.032,북구,1963672.0,62837.504
22,수요일,18~21시,0.019,북구,1963672.0,37309.768
23,수요일,21~24시,0.011000000000000001,북구,1963672.0,21600.392000000003
24,목요일,00~06시,0.013000000000000001,북구,1963672.0,25527.736
25,목요일,06~11시,0.031,북구,1963672.0,60873.832
26,목요일,11~14시,0.022000000000000002,북구,1963672.0,43200.78400000001
27,목요일,14~18시,0.031,북구,1963672.0,60873.832
28,목요일,18~21시,0.019,북구,1963672.0,37309.768
29,목요일,21~24시,0.011000000000000001,북구,1963672.0,21600.392000000003
30,금요일,00~06시,0.015,북구,1963672.0,29455.079999999998
31,금요일,06~11시,0.033,북구,1963672.0,64801.176
32,금요일,11~14시,0.025,북구,1963672.0,49091.8
33,금요일,14~18시,0.036000000000000004,북구,1963672.0,70692.19200000001
34,금요일,18~21시,0.024,북구,1963672.0,47128.128000000004
35,금요일,21~24시,0.015,북구,1963672.0,29455.079999999998
36,토요일,00~06시,0.02,북구,1963672.0,39273.44
37,토요일,06~11시,0.037000000000000005,북구,1963672.0,72655.86400000002
38,토요일,11~14시,0.034,북구,1963672.0,66764.848
39,토요일,14~18시,0.046,북구,1963672.0,90328.912
40,토요일,18~21시,0.027000000000000003,북구,1963672.0,53019.14400000001
41,토요일,21~24시,0.018000000000000002,북구,1963672.0,35346.096000000005
0,일요일,00~06시,0.018000000000000002,사상구,2256647.0,40619.64600000001
1,일요일,06~11시,0.026000000000000002,사상구,2256647.0,58672.82200000001
2,일요일,11~14시,0.026000000000000002,사상구,2256647.0,58672.82200000001
3,일요일,14~18시,0.036000000000000004,사상구,2256647.0,81239.29200000002
4,일요일,18~21시,0.02,사상구,2256647.0,45132.94
5,일요일,21~24시,0.011000000000000001,사상구,2256647.0,24823.117000000002
6,월요일,00~06시,0.013999999999999999,사상구,2256647.0,31593.057999999997
7,월요일,06~11시,0.033,사상구,2256647.0,74469.35100000001
8,월요일,11~14시,0.025,사상구,2256647.0,56416.175
9,월요일,14~18시,0.034,사상구,2256647.0,76725.998
10,월요일,18~21시,0.018000000000000002,사상구,2256647.0,40619.64600000001
11,월요일,21~24시,0.01,사상구,2256647.0,22566.47
12,화요일,00~06시,0.013000000000000001,사상구,2256647.0,29336.411000000004
13,화요일,06~11시,0.034,사상구,2256647.0,76725.998
14,화요일,11~14시,0.026000000000000002,사상구,2256647.0,58672.82200000001
15,화요일,14~18시,0.035,사상구,2256647.0,78982.645
16,화요일,18~21시,0.019,사상구,2256647.0,42876.293
17,화요일,21~24시,0.01,사상구,2256647.0,22566.47
18,수요일,00~06시,0.013999999999999999,사상구,2256647.0,31593.057999999997
19,수요일,06~11시,0.034,사상구,2256647.0,76725.998
20,수요일,11~14시,0.026000000000000002,사상구,2256647.0,58672.82200000001
21,수요일,14~18시,0.035,사상구,2256647.0,78982.645
22,수요일,18~21시,0.019,사상구,2256647.0,42876.293
23,수요일,21~24시,0.011000000000000001,사상구,2256647.0,24823.117000000002
24,목요일,00~06시,0.013000000000000001,사상구,2256647.0,29336.411000000004
25,목요일,06~11시,0.034,사상구,2256647.0,76725.998
26,목요일,11~14시,0.026000000000000002,사상구,2256647.0,58672.82200000001
27,목요일,14~18시,0.034,사상구,2256647.0,76725.998
28,목요일,18~21시,0.019,사상구,2256647.0,42876.293
29,목요일,21~24시,0.011000000000000001,사상구,2256647.0,24823.117000000002
30,금요일,00~06시,0.013999999999999999,사상구,2256647.0,31593.057999999997
31,금요일,06~11시,0.035,사상구,2256647.0,78982.645
32,금요일,11~14시,0.027000000000000003,사상구,2256647.0,60929.469000000005
33,금요일,14~18시,0.037000000000000005,사상구,2256647.0,83495.93900000001
34,금요일,18~21시,0.023,사상구,2256647.0,51902.881
35,금요일,21~24시,0.013999999999999999,사상구,2256647.0,31593.057999999997
36,토요일,00~06시,0.018000000000000002,사상구,2256647.0,40619.64600000001
37,토요일,06~11시,0.034,사상구,2256647.0,76725.998
38,토요일,11~14시,0.032,사상구,2256647.0,72212.704
39,토요일,14~18시,0.043,사상구,2256647.0,97035.821
40,토요일,18~21시,0.025,사상구,2256647.0,56416.175
41,토요일,21~24시,0.016,사상구,2256647.0,36106.352
0,일요일,00~06시,0.026000000000000002,사하구,1862347.0,48421.022000000004
1,일요일,06~11시,0.028999999999999998,사하구,1862347.0,54008.062999999995
2,일요일,11~14시,0.027000000000000003,사하구,1862347.0,50283.369000000006
3,일요일,14~18시,0.036000000000000004,사하구,1862347.0,67044.49200000001
4,일요일,18~21시,0.02,사하구,1862347.0,37246.94
5,일요일,21~24시,0.013000000000000001,사하구,1862347.0,24210.511000000002
6,월요일,00~06시,0.018000000000000002,사하구,1862347.0,33522.24600000001
7,월요일,06~11시,0.03,사하구,1862347.0,55870.409999999996
8,월요일,11~14시,0.023,사하구,1862347.0,42833.981
9,월요일,14~18시,0.03,사하구,1862347.0,55870.409999999996
10,월요일,18~21시,0.018000000000000002,사하구,1862347.0,33522.24600000001
11,월요일,21~24시,0.011000000000000001,사하구,1862347.0,20485.817000000003
12,화요일,00~06시,0.017,사하구,1862347.0,31659.899
13,화요일,06~11시,0.031,사하구,1862347.0,57732.757
14,화요일,11~14시,0.023,사하구,1862347.0,42833.981
15,화요일,14~18시,0.031,사하구,1862347.0,57732.757
16,화요일,18~21시,0.018000000000000002,사하구,1862347.0,33522.24600000001
17,화요일,21~24시,0.012,사하구,1862347.0,22348.164
18,수요일,00~06시,0.017,사하구,1862347.0,31659.899
19,수요일,06~11시,0.031,사하구,1862347.0,57732.757
20,수요일,11~14시,0.023,사하구,1862347.0,42833.981
21,수요일,14~18시,0.031,사하구,1862347.0,57732.757
22,수요일,18~21시,0.019,사하구,1862347.0,35384.593
23,수요일,21~24시,0.012,사하구,1862347.0,22348.164
24,목요일,00~06시,0.017,사하구,1862347.0,31659.899
25,목요일,06~11시,0.03,사하구,1862347.0,55870.409999999996
26,목요일,11~14시,0.023,사하구,1862347.0,42833.981
27,목요일,14~18시,0.031,사하구,1862347.0,57732.757
28,목요일,18~21시,0.018000000000000002,사하구,1862347.0,33522.24600000001
29,목요일,21~24시,0.012,사하구,1862347.0,22348.164
30,금요일,00~06시,0.018000000000000002,사하구,1862347.0,33522.24600000001
31,금요일,06~11시,0.032,사하구,1862347.0,59595.104
32,금요일,11~14시,0.024,사하구,1862347.0,44696.328
33,금요일,14~18시,0.033,사하구,1862347.0,61457.451
34,금요일,18~21시,0.022000000000000002,사하구,1862347.0,40971.634000000005
35,금요일,21~24시,0.015,사하구,1862347.0,27935.204999999998
36,토요일,00~06시,0.024,사하구,1862347.0,44696.328
37,토요일,06~11시,0.034,사하구,1862347.0,63319.798
38,토요일,11~14시,0.03,사하구,1862347.0,55870.409999999996
39,토요일,14~18시,0.043,사하구,1862347.0,80080.92099999999
40,토요일,18~21시,0.027000000000000003,사하구,1862347.0,50283.369000000006
41,토요일,21~24시,0.019,사하구,1862347.0,35384.593
0,일요일,00~06시,0.02,서구,1571383.0,31427.66
1,일요일,06~11시,0.027999999999999997,서구,1571383.0,43998.723999999995
2,일요일,11~14시,0.028999999999999998,서구,1571383.0,45570.106999999996
3,일요일,14~18시,0.037000000000000005,서구,1571383.0,58141.17100000001
4,일요일,18~21시,0.019,서구,1571383.0,29856.277
5,일요일,21~24시,0.012,서구,1571383.0,18856.596
6,월요일,00~06시,0.013999999999999999,서구,1571383.0,21999.361999999997
7,월요일,06~11시,0.033,서구,1571383.0,51855.639
8,월요일,11~14시,0.027000000000000003,서구,1571383.0,42427.34100000001
9,월요일,14~18시,0.035,서구,1571383.0,54998.405000000006
10,월요일,18~21시,0.018000000000000002,서구,1571383.0,28284.894000000004
11,월요일,21~24시,0.011000000000000001,서구,1571383.0,17285.213000000003
12,화요일,00~06시,0.013999999999999999,서구,1571383.0,21999.361999999997
13,화요일,06~11시,0.034,서구,1571383.0,53427.022000000004
14,화요일,11~14시,0.027000000000000003,서구,1571383.0,42427.34100000001
15,화요일,14~18시,0.035,서구,1571383.0,54998.405000000006
16,화요일,18~21시,0.018000000000000002,서구,1571383.0,28284.894000000004
17,화요일,21~24시,0.011000000000000001,서구,1571383.0,17285.213000000003
18,수요일,00~06시,0.013999999999999999,서구,1571383.0,21999.361999999997
19,수요일,06~11시,0.034,서구,1571383.0,53427.022000000004
20,수요일,11~14시,0.027000000000000003,서구,1571383.0,42427.34100000001
21,수요일,14~18시,0.035,서구,1571383.0,54998.405000000006
22,수요일,18~21시,0.018000000000000002,서구,1571383.0,28284.894000000004
23,수요일,21~24시,0.011000000000000001,서구,1571383.0,17285.213000000003
24,목요일,00~06시,0.013999999999999999,서구,1571383.0,21999.361999999997
25,목요일,06~11시,0.034,서구,1571383.0,53427.022000000004
26,목요일,11~14시,0.027000000000000003,서구,1571383.0,42427.34100000001
27,목요일,14~18시,0.035,서구,1571383.0,54998.405000000006
28,목요일,18~21시,0.018000000000000002,서구,1571383.0,28284.894000000004
29,목요일,21~24시,0.011000000000000001,서구,1571383.0,17285.213000000003
30,금요일,00~06시,0.013999999999999999,서구,1571383.0,21999.361999999997
31,금요일,06~11시,0.034,서구,1571383.0,53427.022000000004
32,금요일,11~14시,0.027000000000000003,서구,1571383.0,42427.34100000001
33,금요일,14~18시,0.035,서구,1571383.0,54998.405000000006
34,금요일,18~21시,0.02,서구,1571383.0,31427.66
35,금요일,21~24시,0.013000000000000001,서구,1571383.0,20427.979000000003
36,토요일,00~06시,0.018000000000000002,서구,1571383.0,28284.894000000004
37,토요일,06~11시,0.03,서구,1571383.0,47141.49
38,토요일,11~14시,0.028999999999999998,서구,1571383.0,45570.106999999996
39,토요일,14~18시,0.04,서구,1571383.0,62855.32
40,토요일,18~21시,0.023,서구,1571383.0,36141.809
41,토요일,21~24시,0.016,서구,1571383.0,25142.128
0,일요일,00~06시,0.023,수영구,3143156.0,72292.588
1,일요일,06~11시,0.027999999999999997,수영구,3143156.0,88008.36799999999
2,일요일,11~14시,0.028999999999999998,수영구,3143156.0,91151.52399999999
3,일요일,14~18시,0.04,수영구,3143156.0,125726.24
4,일요일,18~21시,0.024,수영구,3143156.0,75435.744
5,일요일,21~24시,0.015,수영구,3143156.0,47147.34
6,월요일,00~06시,0.015,수영구,3143156.0,47147.34
7,월요일,06~11시,0.027000000000000003,수영구,3143156.0,84865.21200000001
8,월요일,11~14시,0.021,수영구,3143156.0,66006.276
9,월요일,14~18시,0.03,수영구,3143156.0,94294.68
10,월요일,18~21시,0.02,수영구,3143156.0,62863.12
11,월요일,21~24시,0.013000000000000001,수영구,3143156.0,40861.028000000006
12,화요일,00~06시,0.013000000000000001,수영구,3143156.0,40861.028000000006
13,화요일,06~11시,0.026000000000000002,수영구,3143156.0,81722.05600000001
14,화요일,11~14시,0.021,수영구,3143156.0,66006.276
15,화요일,14~18시,0.028999999999999998,수영구,3143156.0,91151.52399999999
16,화요일,18~21시,0.019,수영구,3143156.0,59719.964
17,화요일,21~24시,0.013000000000000001,수영구,3143156.0,40861.028000000006
18,수요일,00~06시,0.013999999999999999,수영구,3143156.0,44004.183999999994
19,수요일,06~11시,0.027000000000000003,수영구,3143156.0,84865.21200000001
20,수요일,11~14시,0.021,수영구,3143156.0,66006.276
21,수요일,14~18시,0.03,수영구,3143156.0,94294.68
22,수요일,18~21시,0.02,수영구,3143156.0,62863.12
23,수요일,21~24시,0.013000000000000001,수영구,3143156.0,40861.028000000006
24,목요일,00~06시,0.013000000000000001,수영구,3143156.0,40861.028000000006
25,목요일,06~11시,0.026000000000000002,수영구,3143156.0,81722.05600000001
26,목요일,11~14시,0.021,수영구,3143156.0,66006.276
27,목요일,14~18시,0.03,수영구,3143156.0,94294.68
28,목요일,18~21시,0.021,수영구,3143156.0,66006.276
29,목요일,21~24시,0.013999999999999999,수영구,3143156.0,44004.183999999994
30,금요일,00~06시,0.015,수영구,3143156.0,47147.34
31,금요일,06~11시,0.028999999999999998,수영구,3143156.0,91151.52399999999
32,금요일,11~14시,0.023,수영구,3143156.0,72292.588
33,금요일,14~18시,0.034,수영구,3143156.0,106867.304
34,금요일,18~21시,0.025,수영구,3143156.0,78578.90000000001
35,금요일,21~24시,0.019,수영구,3143156.0,59719.964
36,토요일,00~06시,0.022000000000000002,수영구,3143156.0,69149.432
37,토요일,06~11시,0.033,수영구,3143156.0,103724.148
38,토요일,11~14시,0.033,수영구,3143156.0,103724.148
39,토요일,14~18시,0.05,수영구,3143156.0,157157.80000000002
40,토요일,18~21시,0.037000000000000005,수영구,3143156.0,116296.77200000001
41,토요일,21~24시,0.026000000000000002,수영구,3143156.0,81722.05600000001
0,일요일,00~06시,0.024,연제구,2447062.0,58729.488000000005
1,일요일,06~11시,0.026000000000000002,연제구,2447062.0,63623.61200000001
2,일요일,11~14시,0.026000000000000002,연제구,2447062.0,63623.61200000001
3,일요일,14~18시,0.033,연제구,2447062.0,80753.046
4,일요일,18~21시,0.019,연제구,2447062.0,46494.178
5,일요일,21~24시,0.012,연제구,2447062.0,29364.744000000002
6,월요일,00~06시,0.017,연제구,2447062.0,41600.054000000004
7,월요일,06~11시,0.027000000000000003,연제구,2447062.0,66070.67400000001
8,월요일,11~14시,0.023,연제구,2447062.0,56282.426
9,월요일,14~18시,0.031,연제구,2447062.0,75858.922
10,월요일,18~21시,0.019,연제구,2447062.0,46494.178
11,월요일,21~24시,0.012,연제구,2447062.0,29364.744000000002
12,화요일,00~06시,0.016,연제구,2447062.0,39152.992
13,화요일,06~11시,0.027000000000000003,연제구,2447062.0,66070.67400000001
14,화요일,11~14시,0.024,연제구,2447062.0,58729.488000000005
15,화요일,14~18시,0.032,연제구,2447062.0,78305.984
16,화요일,18~21시,0.02,연제구,2447062.0,48941.24
17,화요일,21~24시,0.013000000000000001,연제구,2447062.0,31811.806000000004
18,수요일,00~06시,0.016,연제구,2447062.0,39152.992
19,수요일,06~11시,0.027000000000000003,연제구,2447062.0,66070.67400000001
20,수요일,11~14시,0.024,연제구,2447062.0,58729.488000000005
21,수요일,14~18시,0.032,연제구,2447062.0,78305.984
22,수요일,18~21시,0.021,연제구,2447062.0,51388.302
23,수요일,21~24시,0.013999999999999999,연제구,2447062.0,34258.867999999995
24,목요일,00~06시,0.016,연제구,2447062.0,39152.992
25,목요일,06~11시,0.027000000000000003,연제구,2447062.0,66070.67400000001
26,목요일,11~14시,0.023,연제구,2447062.0,56282.426
27,목요일,14~18시,0.031,연제구,2447062.0,75858.922
28,목요일,18~21시,0.021,연제구,2447062.0,51388.302
29,목요일,21~24시,0.013999999999999999,연제구,2447062.0,34258.867999999995
30,금요일,00~06시,0.017,연제구,2447062.0,41600.054000000004
31,금요일,06~11시,0.028999999999999998,연제구,2447062.0,70964.798
32,금요일,11~14시,0.025,연제구,2447062.0,61176.55
33,금요일,14~18시,0.034,연제구,2447062.0,83200.10800000001
34,금요일,18~21시,0.024,연제구,2447062.0,58729.488000000005
35,금요일,21~24시,0.018000000000000002,연제구,2447062.0,44047.116
36,토요일,00~06시,0.024,연제구,2447062.0,58729.488000000005
37,토요일,06~11시,0.031,연제구,2447062.0,75858.922
38,토요일,11~14시,0.033,연제구,2447062.0,80753.046
39,토요일,14~18시,0.045,연제구,2447062.0,110117.79
40,토요일,18~21시,0.032,연제구,2447062.0,78305.984
41,토요일,21~24시,0.022000000000000002,연제구,2447062.0,53835.36400000001
0,일요일,00~06시,0.022000000000000002,영도구,1504929.0,33108.438
1,일요일,06~11시,0.028999999999999998,영도구,1504929.0,43642.941
2,일요일,11~14시,0.036000000000000004,영도구,1504929.0,54177.444
3,일요일,14~18시,0.049,영도구,1504929.0,73741.52100000001
4,일요일,18~21시,0.022000000000000002,영도구,1504929.0,33108.438
5,일요일,21~24시,0.012,영도구,1504929.0,18059.148
6,월요일,00~06시,0.013000000000000001,영도구,1504929.0,19564.077
7,월요일,06~11시,0.027999999999999997,영도구,1504929.0,42138.011999999995
8,월요일,11~14시,0.026000000000000002,영도구,1504929.0,39128.154
9,월요일,14~18시,0.034,영도구,1504929.0,51167.586
10,월요일,18~21시,0.017,영도구,1504929.0,25583.793
11,월요일,21~24시,0.009000000000000001,영도구,1504929.0,13544.361
12,화요일,00~06시,0.012,영도구,1504929.0,18059.148
13,화요일,06~11시,0.027999999999999997,영도구,1504929.0,42138.011999999995
14,화요일,11~14시,0.025,영도구,1504929.0,37623.225
15,화요일,14~18시,0.033,영도구,1504929.0,49662.657
16,화요일,18~21시,0.016,영도구,1504929.0,24078.864
17,화요일,21~24시,0.009000000000000001,영도구,1504929.0,13544.361
18,수요일,00~06시,0.012,영도구,1504929.0,18059.148
19,수요일,06~11시,0.027999999999999997,영도구,1504929.0,42138.011999999995
20,수요일,11~14시,0.025,영도구,1504929.0,37623.225
21,수요일,14~18시,0.033,영도구,1504929.0,49662.657
22,수요일,18~21시,0.017,영도구,1504929.0,25583.793
23,수요일,21~24시,0.01,영도구,1504929.0,15049.29
24,목요일,00~06시,0.012,영도구,1504929.0,18059.148
25,목요일,06~11시,0.027999999999999997,영도구,1504929.0,42138.011999999995
26,목요일,11~14시,0.025,영도구,1504929.0,37623.225
27,목요일,14~18시,0.033,영도구,1504929.0,49662.657
28,목요일,18~21시,0.017,영도구,1504929.0,25583.793
29,목요일,21~24시,0.01,영도구,1504929.0,15049.29
30,금요일,00~06시,0.013000000000000001,영도구,1504929.0,19564.077
31,금요일,06~11시,0.028999999999999998,영도구,1504929.0,43642.941
32,금요일,11~14시,0.027000000000000003,영도구,1504929.0,40633.083000000006
33,금요일,14~18시,0.037000000000000005,영도구,1504929.0,55682.37300000001
34,금요일,18~21시,0.02,영도구,1504929.0,30098.58
35,금요일,21~24시,0.013000000000000001,영도구,1504929.0,19564.077
36,토요일,00~06시,0.019,영도구,1504929.0,28593.650999999998
37,토요일,06~11시,0.032,영도구,1504929.0,48157.728
38,토요일,11~14시,0.038,영도구,1504929.0,57187.301999999996
39,토요일,14~18시,0.055999999999999994,영도구,1504929.0,84276.02399999999
40,토요일,18~21시,0.028999999999999998,영도구,1504929.0,43642.941
41,토요일,21~24시,0.018000000000000002,영도구,1504929.0,27088.722
0,일요일,00~06시,0.018000000000000002,중구,3444291.0,61997.238000000005
1,일요일,06~11시,0.024,중구,3444291.0,82662.984
2,일요일,11~14시,0.028999999999999998,중구,3444291.0,99884.439
3,일요일,14~18시,0.043,중구,3444291.0,148104.51299999998
4,일요일,18~21시,0.022000000000000002,중구,3444291.0,75774.402
5,일요일,21~24시,0.011000000000000001,중구,3444291.0,37887.201
6,월요일,00~06시,0.011000000000000001,중구,3444291.0,37887.201
7,월요일,06~11시,0.027999999999999997,중구,3444291.0,96440.14799999999
8,월요일,11~14시,0.026000000000000002,중구,3444291.0,89551.566
9,월요일,14~18시,0.036000000000000004,중구,3444291.0,123994.47600000001
10,월요일,18~21시,0.019,중구,3444291.0,65441.528999999995
11,월요일,21~24시,0.01,중구,3444291.0,34442.91
12,화요일,00~06시,0.01,중구,3444291.0,34442.91
13,화요일,06~11시,0.028999999999999998,중구,3444291.0,99884.439
14,화요일,11~14시,0.026000000000000002,중구,3444291.0,89551.566
15,화요일,14~18시,0.035,중구,3444291.0,120550.18500000001
16,화요일,18~21시,0.02,중구,3444291.0,68885.82
17,화요일,21~24시,0.01,중구,3444291.0,34442.91
18,수요일,00~06시,0.01,중구,3444291.0,34442.91
19,수요일,06~11시,0.028999999999999998,중구,3444291.0,99884.439
20,수요일,11~14시,0.027000000000000003,중구,3444291.0,92995.85700000002
21,수요일,14~18시,0.036000000000000004,중구,3444291.0,123994.47600000001
22,수요일,18~21시,0.02,중구,3444291.0,68885.82
23,수요일,21~24시,0.011000000000000001,중구,3444291.0,37887.201
24,목요일,00~06시,0.01,중구,3444291.0,34442.91
25,목요일,06~11시,0.028999999999999998,중구,3444291.0,99884.439
26,목요일,11~14시,0.027000000000000003,중구,3444291.0,92995.85700000002
27,목요일,14~18시,0.036000000000000004,중구,3444291.0,123994.47600000001
28,목요일,18~21시,0.021,중구,3444291.0,72330.111
29,목요일,21~24시,0.011000000000000001,중구,3444291.0,37887.201
30,금요일,00~06시,0.011000000000000001,중구,3444291.0,37887.201
31,금요일,06~11시,0.031,중구,3444291.0,106773.021
32,금요일,11~14시,0.027999999999999997,중구,3444291.0,96440.14799999999
33,금요일,14~18시,0.039,중구,3444291.0,134327.349
34,금요일,18~21시,0.024,중구,3444291.0,82662.984
35,금요일,21~24시,0.013999999999999999,중구,3444291.0,48220.07399999999
36,토요일,00~06시,0.016,중구,3444291.0,55108.656
37,토요일,06~11시,0.027999999999999997,중구,3444291.0,96440.14799999999
38,토요일,11~14시,0.033,중구,3444291.0,113661.603
39,토요일,14~18시,0.051,중구,3444291.0,175658.841
40,토요일,18~21시,0.031,중구,3444291.0,106773.021
41,토요일,21~24시,0.018000000000000002,중구,3444291.0,61997.238000000005
0,일요일,00~06시,0.028999999999999998,해운대구,5797922.0,168139.73799999998
1,일요일,06~11시,0.032,해운대구,5797922.0,185533.50400000002
2,일요일,11~14시,0.033,해운대구,5797922.0,191331.426
3,일요일,14~18시,0.045,해운대구,5797922.0,260906.49
4,일요일,18~21시,0.024,해운대구,5797922.0,139150.128
5,일요일,21~24시,0.013999999999999999,해운대구,5797922.0,81170.908
6,월요일,00~06시,0.018000000000000002,해운대구,5797922.0,104362.596
7,월요일,06~11시,0.025,해운대구,5797922.0,144948.05000000002
8,월요일,11~14시,0.021,해운대구,5797922.0,121756.36200000001
9,월요일,14~18시,0.028999999999999998,해운대구,5797922.0,168139.73799999998
10,월요일,18~21시,0.017,해운대구,5797922.0,98564.67400000001
11,월요일,21~24시,0.011000000000000001,해운대구,5797922.0,63777.14200000001
12,화요일,00~06시,0.016,해운대구,5797922.0,92766.75200000001
13,화요일,06~11시,0.025,해운대구,5797922.0,144948.05000000002
14,화요일,11~14시,0.021,해운대구,5797922.0,121756.36200000001
15,화요일,14~18시,0.027999999999999997,해운대구,5797922.0,162341.816
16,화요일,18~21시,0.017,해운대구,5797922.0,98564.67400000001
17,화요일,21~24시,0.011000000000000001,해운대구,5797922.0,63777.14200000001
18,수요일,00~06시,0.016,해운대구,5797922.0,92766.75200000001
19,수요일,06~11시,0.025,해운대구,5797922.0,144948.05000000002
20,수요일,11~14시,0.021,해운대구,5797922.0,121756.36200000001
21,수요일,14~18시,0.028999999999999998,해운대구,5797922.0,168139.73799999998
22,수요일,18~21시,0.017,해운대구,5797922.0,98564.67400000001
23,수요일,21~24시,0.012,해운대구,5797922.0,69575.064
24,목요일,00~06시,0.016,해운대구,5797922.0,92766.75200000001
25,목요일,06~11시,0.025,해운대구,5797922.0,144948.05000000002
26,목요일,11~14시,0.021,해운대구,5797922.0,121756.36200000001
27,목요일,14~18시,0.03,해운대구,5797922.0,173937.66
28,목요일,18~21시,0.018000000000000002,해운대구,5797922.0,104362.596
29,목요일,21~24시,0.012,해운대구,5797922.0,69575.064
30,금요일,00~06시,0.018000000000000002,해운대구,5797922.0,104362.596
31,금요일,06~11시,0.027000000000000003,해운대구,5797922.0,156543.89400000003
32,금요일,11~14시,0.024,해운대구,5797922.0,139150.128
33,금요일,14~18시,0.034,해운대구,5797922.0,197129.34800000003
34,금요일,18~21시,0.022000000000000002,해운대구,5797922.0,127554.28400000001
35,금요일,21~24시,0.016,해운대구,5797922.0,92766.75200000001
36,토요일,00~06시,0.026000000000000002,해운대구,5797922.0,150745.972
37,토요일,06~11시,0.032,해운대구,5797922.0,185533.50400000002
38,토요일,11~14시,0.034,해운대구,5797922.0,197129.34800000003
39,토요일,14~18시,0.052000000000000005,해운대구,5797922.0,301491.944
40,토요일,18~21시,0.032,해운대구,5797922.0,185533.50400000002
41,토요일,21~24시,0.022000000000000002,해운대구,5797922.0,127554.28400000001
